--
-- PostgreSQL database dump
--

-- Dumped from database version 11.2 (Ubuntu 11.2-1.pgdg18.04+1)
-- Dumped by pg_dump version 11.2 (Ubuntu 11.2-1.pgdg18.04+1)

SET statement_timeout = 0;
SET lock_timeout = 0;
SET idle_in_transaction_session_timeout = 0;
SET client_encoding = 'UTF8';
SET standard_conforming_strings = on;
SELECT pg_catalog.set_config('search_path', '', false);
SET check_function_bodies = false;
SET client_min_messages = warning;
SET row_security = off;

--
-- Name: sgco; Type: SCHEMA; Schema: -; Owner: suite
--

CREATE SCHEMA sgco;


ALTER SCHEMA sgco OWNER TO suite;

--
-- Name: SCHEMA sgco; Type: COMMENT; Schema: -; Owner: suite
--

COMMENT ON SCHEMA sgco IS 'Sistema de Gestion de Conocimiento de la Organizacion.';


--
-- Name: sgrh; Type: SCHEMA; Schema: -; Owner: suite
--

CREATE SCHEMA sgrh;


ALTER SCHEMA sgrh OWNER TO suite;

--
-- Name: SCHEMA sgrh; Type: COMMENT; Schema: -; Owner: suite
--

COMMENT ON SCHEMA sgrh IS 'ESQUEMA QUE CONTIENE LAS TABLAS DE SISTEMA DE GESTION DE RECURSOS HUMANOS';


--
-- Name: sgrt; Type: SCHEMA; Schema: -; Owner: suite
--

CREATE SCHEMA sgrt;


ALTER SCHEMA sgrt OWNER TO suite;

--
-- Name: sisat; Type: SCHEMA; Schema: -; Owner: suite
--

CREATE SCHEMA sisat;


ALTER SCHEMA sisat OWNER TO suite;

--
-- Name: SCHEMA sisat; Type: COMMENT; Schema: -; Owner: suite
--

COMMENT ON SCHEMA sisat IS 'Esquema que contiene las tablas del Sistema de Seleccion y Adquisicion de Talentos';


--
-- Name: tablefunc; Type: EXTENSION; Schema: -; Owner: 
--

CREATE EXTENSION IF NOT EXISTS tablefunc WITH SCHEMA public;


--
-- Name: EXTENSION tablefunc; Type: COMMENT; Schema: -; Owner: 
--

COMMENT ON EXTENSION tablefunc IS 'Functions that manipulate whole tables, including crosstab';


--
-- Name: edo_encuesta; Type: TYPE; Schema: sgrh; Owner: suite
--

CREATE TYPE sgrh.edo_encuesta AS ENUM (
    '--',
    'En proceso',
    'Corregido',
    'Aceptado'
);


ALTER TYPE sgrh.edo_encuesta OWNER TO suite;

--
-- Name: destinatario; Type: TYPE; Schema: sgrt; Owner: suite
--

CREATE TYPE sgrt.destinatario AS ENUM (
    'USR',
    'EMPLEADO',
    'GRUPO',
    'DEPTO'
);


ALTER TYPE sgrt.destinatario OWNER TO suite;

--
-- Name: edoticket; Type: TYPE; Schema: sgrt; Owner: suite
--

CREATE TYPE sgrt.edoticket AS ENUM (
    'Abierto',
    'Cerrado'
);


ALTER TYPE sgrt.edoticket OWNER TO suite;

--
-- Name: encriptacion; Type: TYPE; Schema: sgrt; Owner: suite
--

CREATE TYPE sgrt.encriptacion AS ENUM (
    'NONE',
    'SSL'
);


ALTER TYPE sgrt.encriptacion OWNER TO suite;

--
-- Name: estatus; Type: TYPE; Schema: sgrt; Owner: suite
--

CREATE TYPE sgrt.estatus AS ENUM (
    'Enviado',
    'Pendiente'
);


ALTER TYPE sgrt.estatus OWNER TO suite;

--
-- Name: estatus_compromiso; Type: TYPE; Schema: sgrt; Owner: suite
--

CREATE TYPE sgrt.estatus_compromiso AS ENUM (
    'Pendiente',
    'Terminado'
);


ALTER TYPE sgrt.estatus_compromiso OWNER TO suite;

--
-- Name: modulo; Type: TYPE; Schema: sgrt; Owner: suite
--

CREATE TYPE sgrt.modulo AS ENUM (
    'SGRT',
    'SSV'
);


ALTER TYPE sgrt.modulo OWNER TO suite;

--
-- Name: origencontac; Type: TYPE; Schema: sgrt; Owner: suite
--

CREATE TYPE sgrt.origencontac AS ENUM (
    'Web',
    'Email',
    'Reunion',
    'Telefono',
    'Otro'
);


ALTER TYPE sgrt.origencontac OWNER TO suite;

--
-- Name: prioridad; Type: TYPE; Schema: sgrt; Owner: suite
--

CREATE TYPE sgrt.prioridad AS ENUM (
    'Alta',
    'Media',
    'Baja'
);


ALTER TYPE sgrt.prioridad OWNER TO suite;

--
-- Name: protocolo; Type: TYPE; Schema: sgrt; Owner: suite
--

CREATE TYPE sgrt.protocolo AS ENUM (
    'POP',
    'IMAP'
);


ALTER TYPE sgrt.protocolo OWNER TO suite;

--
-- Name: tipo; Type: TYPE; Schema: sgrt; Owner: suite
--

CREATE TYPE sgrt.tipo AS ENUM (
    'ReunionAgendada',
    'ReunionCancelada',
    'NuevaSolicitud',
    'SolicitudPagada',
    'ViaticoCancelado'
);


ALTER TYPE sgrt.tipo OWNER TO suite;

--
-- Name: tipo_compromiso; Type: TYPE; Schema: sgrt; Owner: suite
--

CREATE TYPE sgrt.tipo_compromiso AS ENUM (
    'Acuerdo',
    'Pendiente'
);


ALTER TYPE sgrt.tipo_compromiso OWNER TO suite;

--
-- Name: crosstab_report_encuesta(integer); Type: FUNCTION; Schema: sgrh; Owner: postgres
--

CREATE FUNCTION sgrh.crosstab_report_encuesta(integer) RETURNS TABLE(pregunta character varying, resp1 character varying, resp2 character varying, resp3 character varying, resp4 character varying, resp5 character varying)
    LANGUAGE sql
    AS $_$        
            SELECT * FROM crosstab(
                'SELECT p.des_pregunta AS rowid, 
                        cr.cod_ponderacion as attribute, 
                        cr.des_respuesta as value
                FROM sgrh.tsgrhpreguntasenc p
                INNER JOIN sgrh.tsgrhencuesta e ON p.cod_encuesta = e.cod_encuesta
                LEFT JOIN sgrh.tsgrhrespuestasenc r ON p.cod_pregunta = r.cod_pregunta
                LEFT JOIN sgrh.tsgrhcatrespuestas cr ON r.cod_catrespuesta = cr.cod_catrespuesta
                WHERE e.cod_encuesta = ' || $1
			) 
            AS (
                pregunta VARCHAR(200), 
                resp1 VARCHAR(200), 
                resp2 VARCHAR(200), 
                resp3 VARCHAR(200), 
                resp4 VARCHAR(200), 
                resp5 VARCHAR(200)
            );
    $_$;


ALTER FUNCTION sgrh.crosstab_report_encuesta(integer) OWNER TO postgres;

--
-- Name: factualizarfecha(); Type: FUNCTION; Schema: sgrh; Owner: postgres
--

CREATE FUNCTION sgrh.factualizarfecha() RETURNS trigger
    LANGUAGE plpgsql
    AS $$
declare begin
	new.fec_modificacion:=current_date;
	return new;

end;
$$;


ALTER FUNCTION sgrh.factualizarfecha() OWNER TO postgres;

--
-- Name: buscar_asistentes_minuta(integer); Type: FUNCTION; Schema: sgrt; Owner: suite
--

CREATE FUNCTION sgrt.buscar_asistentes_minuta(reunionid integer) RETURNS TABLE(nombre_asistente text, area_asistente character varying)
    LANGUAGE sql
    AS $$
SELECT
des_nombre as nombre_asistente,
CONCAT((SELECT area.des_nbarea FROM sgrh.tsgrhempleados emp LEFT JOIN sgrh.tsgrhareas area ON area.cod_area=emp.cod_area WHERE emp.cod_empleado=invitado.cod_empleado),
des_empresa) as area_asistente
FROM sgrt.tsgrtinvitados invitado WHERE  invitado.cnu_asiste='1' and invitado.cod_reunion=reunionid;
$$;


ALTER FUNCTION sgrt.buscar_asistentes_minuta(reunionid integer) OWNER TO suite;

--
-- Name: buscar_compromisos_roles_list(integer); Type: FUNCTION; Schema: sgrt; Owner: suite
--

CREATE FUNCTION sgrt.buscar_compromisos_roles_list(reunionid integer) RETURNS TABLE(cod_compromiso integer, des_descripcion character varying, cod_estatus sgrt.estatus_compromiso, fec_solicitud text, fec_compromiso text, validador text, verificador text, ejecutor text)
    LANGUAGE plpgsql
    AS $$

BEGIN
RETURN QUERY
select
CAST(ROW_NUMBER() OVER(ORDER BY (SELECT 1)) as INTEGER) AS cod_compromiso,
com.des_descripcion,
com.cod_estatus,
CAST(to_char(com.fec_solicitud, 'DD/MM/YYYY') as text) as fec_solicitud,
CAST(to_char(com.fec_compromiso, 'DD/MM/YYYY') as text) as fec_compromiso,
(select CONCAT(des_nombre, ' ', des_nombres, ' ', des_apepaterno, ' ', des_apematerno) from sgrh.tsgrhempleados where cod_empleado=com.cod_validador) AS validador,
(select CONCAT(des_nombre, ' ', des_nombres, ' ', des_apepaterno, ' ', des_apematerno) from sgrh.tsgrhempleados where cod_empleado=com.cod_verificador) AS verificador,
(select CONCAT(des_nombre, ' ', des_nombres, ' ', des_apepaterno, ' ', des_apematerno) from sgrh.tsgrhempleados where cod_empleado=com.cod_ejecutor) AS ejecutor
from sgrt.tsgrtcompromisos com where com.cod_reunion=reunionid;

END;
$$;


ALTER FUNCTION sgrt.buscar_compromisos_roles_list(reunionid integer) OWNER TO suite;

--
-- Name: buscar_minutas_fechas(text, text); Type: FUNCTION; Schema: sgrt; Owner: suite
--

CREATE FUNCTION sgrt.buscar_minutas_fechas(fecha_inicio text, fecha_fin text) RETURNS TABLE(cod_area integer, des_nbarea character varying, cantidad_minutas integer)
    LANGUAGE sql
    AS $$
SELECT
cod_area,
cod_acronimo as des_nbarea,
cast((SELECT
COUNT(*)
FROM sgrt.tsgrtreuniones reu
INNER JOIN sgrh.tsgrhempleados emp
ON reu.cod_responsable=emp.cod_empleado
INNER JOIN sgrh.tsgrhareas area
ON emp.cod_area=area.cod_area
WHERE area.cod_area=a.cod_area and
reu.fec_fecha >= cast(fecha_inicio as date)
AND reu.fec_fecha <=  cast(fecha_fin as date)
) as INTEGER) AS cantidad_minutas
FROM sgrh.tsgrhareas a
$$;


ALTER FUNCTION sgrt.buscar_minutas_fechas(fecha_inicio text, fecha_fin text) OWNER TO suite;

--
-- Name: buscar_proxima_reunion(integer); Type: FUNCTION; Schema: sgrt; Owner: suite
--

CREATE FUNCTION sgrt.buscar_proxima_reunion(reunionid integer, OUT cod_reunion integer, OUT des_nombre_reunion character varying, OUT fec_fecha text, OUT cod_lugar integer, OUT tim_hora character varying, OUT des_nombre_lugar character varying, OUT cod_ciudad integer, OUT des_nbciudad character varying, OUT cod_estadorep_ciudad integer, OUT des_nbestado character varying, OUT cod_estadorep_estado integer) RETURNS SETOF record
    LANGUAGE sql
    AS $$
  select
  reunion.cod_reunion,
  reunion.des_nombre,
  CAST(to_char(reunion.fec_fecha, 'DD/MM/YYYY')as text) as fec_fecha,
  reunion.cod_lugar,
  CAST(reunion.tim_hora as text),
  lugar.des_nombre,
  lugar.cod_ciudad,
ciudad.des_nbciudad,
ciudad.cod_estadorep,
estado.des_nbestado,
estado.cod_estadorep
from sgrt.tsgrtreuniones reunion inner join sgrt.tsgrtlugares lugar on reunion.cod_lugar=lugar.cod_lugar
inner join sgrt.tsgrtciudades ciudad on lugar.cod_ciudad=ciudad.cod_ciudad
inner join sgrt.tsgrtestados estado on ciudad.cod_estadorep=estado.cod_estadorep
where cod_reunion=(select cod_proximareunion from sgrt.tsgrtreuniones where cod_reunion=reunionId);

$$;


ALTER FUNCTION sgrt.buscar_proxima_reunion(reunionid integer, OUT cod_reunion integer, OUT des_nombre_reunion character varying, OUT fec_fecha text, OUT cod_lugar integer, OUT tim_hora character varying, OUT des_nombre_lugar character varying, OUT cod_ciudad integer, OUT des_nbciudad character varying, OUT cod_estadorep_ciudad integer, OUT des_nbestado character varying, OUT cod_estadorep_estado integer) OWNER TO suite;

--
-- Name: compromisos_areas_fechas(text, text); Type: FUNCTION; Schema: sgrt; Owner: suite
--

CREATE FUNCTION sgrt.compromisos_areas_fechas(fecha_inicio text, fecha_fin text) RETURNS TABLE(cod_area integer, des_nbarea character varying, tipo text, num integer)
    LANGUAGE sql
    AS $$
select
cod_area,
cod_acronimo as des_nbarea,
CAST('Terminado' as text) as tipo,
cast((SELECT
COUNT(*)
FROM sgrt.tsgrtcompromisos reu
INNER JOIN sgrh.tsgrhempleados emp
ON reu.cod_ejecutor=emp.cod_empleado
INNER JOIN sgrh.tsgrhareas area
ON emp.cod_area=area.cod_area
WHERE reu.cod_estatus='Terminado' AND
area.cod_area=a.cod_area AND
reu.fec_compromiso >= cast(fecha_inicio as date)
AND reu.fec_compromiso <= cast(fecha_fin as date)
)as INTEGER) as num
FROM
sgrh.tsgrhareas a
UNION
select
cod_area,
cod_acronimo as des_nbarea,
CAST('Pendiente' as text) as tipo,
cast((SELECT
COUNT(*)
FROM sgrt.tsgrtcompromisos reu
INNER JOIN sgrh.tsgrhempleados emp
ON reu.cod_ejecutor=emp.cod_empleado
INNER JOIN sgrh.tsgrhareas area
ON emp.cod_area=area.cod_area
WHERE reu.cod_estatus='Pendiente' and
area.cod_area=a.cod_area AND
reu.fec_compromiso >= cast(fecha_inicio as date)
AND reu.fec_compromiso <= cast(fecha_fin as date))as INTEGER) as num
FROM
sgrh.tsgrhareas a
$$;


ALTER FUNCTION sgrt.compromisos_areas_fechas(fecha_inicio text, fecha_fin text) OWNER TO suite;

--
-- Name: compromisos_dia(text); Type: FUNCTION; Schema: sgrt; Owner: suite
--

CREATE FUNCTION sgrt.compromisos_dia(fechacompromiso text) RETURNS TABLE(cod_empleado integer, nombre text, area text, fec_compromiso text, des_descripcion text, cod_estatus text, tiempo_demora integer)
    LANGUAGE sql
    AS $$
SELECT
emp.cod_empleado,
CONCAT(emp.des_nombre, ' ', emp.des_nombres, ' ', emp.des_apepaterno, ' ', emp.des_apematerno) as nombre,
(SELECT cod_acronimo FROM sgrh.tsgrhareas WHERE cod_area=emp.cod_area) as area,
cast(to_char(com.fec_compromiso,'DD/MM/YYYY') as text) fec_compromiso,
com.des_descripcion,
cast(com.cod_estatus as text),
cast((select count(the_day) from
    (select generate_series(com.fec_compromiso+1, com.fec_entrega, '1 day') as the_day) days
where extract('dow' from the_day) not in (0,6))as INTEGER) as tiempo_demora
FROM sgrt.tsgrtcompromisos com
LEFT JOIN sgrh.tsgrhempleados emp ON com.cod_ejecutor=emp.cod_empleado or com.cod_validador=emp.cod_empleado or com.cod_verificador=emp.cod_empleado
WHERE com.fec_compromiso=cast(fechaCompromiso as date);
$$;


ALTER FUNCTION sgrt.compromisos_dia(fechacompromiso text) OWNER TO suite;

--
-- Name: compromisos_generales(); Type: FUNCTION; Schema: sgrt; Owner: suite
--

CREATE FUNCTION sgrt.compromisos_generales() RETURNS TABLE(cod_empleado integer, cod_reunion integer, nombre text, rol text, area text, descripcion text, minuta text, estatus text, fec_registro text, fec_compromiso text, dias_habiles integer, tiempo_demora integer)
    LANGUAGE sql
    AS $$
SELECT
emp.cod_empleado,
reunion.cod_reunion,
CONCAT(emp.des_nombre, ' ', emp.des_nombres, ' ', emp.des_apepaterno, ' ', emp.des_apematerno) as nombre,
CAST('Validador' as text) as rol,
cast(area.cod_acronimo as text) as area,
cast(com.des_descripcion as text) as descripcion,
cast(reunion.des_nombre as text) as minuta,
cast(com.cod_estatus as text)as estatus,
cast(to_char(com.fec_solicitud,'DD/MM/YYYY') as text) as fec_registro,
cast(to_char(com.fec_compromiso,'DD/MM/YYYY') as text),
cast((select count(the_day) from
    (select generate_series(com.fec_solicitud+1, com.fec_compromiso, '1 day') as the_day) days
where extract('dow' from the_day) not in (0,6))as INTEGER) as dias_habiles,
cast((select count(the_day) from
    (select generate_series(com.fec_compromiso+1, com.fec_entrega, '1 day') as the_day) days
where extract('dow' from the_day) not in (0,6))as INTEGER) as tiempo_demora
FROM sgrt.tsgrtcompromisos com
LEFT JOIN sgrt.tsgrtreuniones reunion ON reunion.cod_reunion=com.cod_reunion
LEFT JOIN sgrh.tsgrhempleados emp ON emp.cod_empleado=com.cod_validador
LEFT JOIN sgrh.tsgrhareas area ON area.cod_area=emp.cod_area
WHERE emp.cod_empleado=com.cod_validador
UNION
SELECT
emp.cod_empleado,
reunion.cod_reunion,
CONCAT(emp.des_nombre, ' ', emp.des_nombres, ' ', emp.des_apepaterno, ' ', emp.des_apematerno) as nombre,
CAST('Verificador' as text) as rol,
cast(area.cod_acronimo as text) as area,
cast(com.des_descripcion as text) as descripcion,
cast(reunion.des_nombre as text) as minuta,
cast(com.cod_estatus as text)as estatus,
cast(to_char(com.fec_solicitud,'DD/MM/YYYY') as text) as fec_registro,
cast(to_char(com.fec_compromiso,'DD/MM/YYYY') as text),
cast((select count(the_day) from
    (select generate_series(com.fec_solicitud+1, com.fec_compromiso, '1 day') as the_day) days
where extract('dow' from the_day) not in (0,6))as INTEGER) as dias_habiles,
cast((select count(the_day) from
    (select generate_series(com.fec_compromiso+1, com.fec_entrega, '1 day') as the_day) days
where extract('dow' from the_day) not in (0,6))as INTEGER) as tiempo_demora
FROM sgrt.tsgrtcompromisos com
LEFT JOIN sgrt.tsgrtreuniones reunion ON reunion.cod_reunion=com.cod_reunion
LEFT JOIN sgrh.tsgrhempleados emp ON emp.cod_empleado=com.cod_verificador
LEFT JOIN sgrh.tsgrhareas area ON area.cod_area=emp.cod_area
WHERE emp.cod_empleado=com.cod_verificador
UNION
SELECT
emp.cod_empleado,
reunion.cod_reunion,
CONCAT(emp.des_nombre, ' ', emp.des_nombres, ' ', emp.des_apepaterno, ' ', emp.des_apematerno) as nombre,
CAST('Ejecutor' as text) as rol,
cast(area.cod_acronimo as text) as area,
cast(com.des_descripcion as text) as descripcion,
cast(reunion.des_nombre as text) as minuta,
cast(com.cod_estatus as text)as estatus,
cast(to_char(com.fec_solicitud,'DD/MM/YYYY') as text) as fec_registro,
cast(to_char(com.fec_compromiso,'DD/MM/YYYY') as text),
cast((select count(the_day) from
    (select generate_series(com.fec_solicitud+1, com.fec_compromiso, '1 day') as the_day) days
where extract('dow' from the_day) not in (0,6))as INTEGER) as dias_habiles,
cast((select count(the_day) from
    (select generate_series(com.fec_compromiso+1, com.fec_entrega, '1 day') as the_day) days
where extract('dow' from the_day) not in (0,6))as INTEGER) as tiempo_demora
FROM sgrt.tsgrtcompromisos com
LEFT JOIN sgrt.tsgrtreuniones reunion ON reunion.cod_reunion=com.cod_reunion
LEFT JOIN sgrh.tsgrhempleados emp ON emp.cod_empleado=com.cod_ejecutor
LEFT JOIN sgrh.tsgrhareas area ON area.cod_area=emp.cod_area
WHERE emp.cod_empleado=com.cod_ejecutor
$$;


ALTER FUNCTION sgrt.compromisos_generales() OWNER TO suite;

--
-- Name: reporte_por_tema(integer); Type: FUNCTION; Schema: sgrt; Owner: suite
--

CREATE FUNCTION sgrt.reporte_por_tema(reunionid integer) RETURNS TABLE(nombre_minuta character varying, responsable text, fecha text, acuerdos integer, pendientes integer, total integer, tiempo_invertido text)
    LANGUAGE plpgsql
    AS $$
DECLARE
    var_r record;
BEGIN
   FOR var_r IN(SELECT * FROM sgrt.tsgrtreuniones WHERE cod_reunion=reunionId OR cod_proximareunion=reunionId)
     LOOP
              RETURN QUERY
		select c.nombre_minuta, c.responsable, c.fecha,a.Acuerdos, b.Pendientes, cast(COALESCE(a.Acuerdos,0)+COALESCE(b.Pendientes,0)as int) AS Total, c.tiempo_invertido from
		(select cast(count(cod_tipocompromiso) as int) as Acuerdos from sgrt.tsgrtcompromisos where cod_tipocompromiso='Acuerdo' and cod_reunion=var_r.cod_reunion) a,
		(select cast(count(cod_tipocompromiso)as int) as Pendientes from sgrt.tsgrtcompromisos where cod_tipocompromiso='Pendiente' and cod_reunion=var_r.cod_reunion) b,
		(select reunion.des_nombre AS nombre_minuta, CONCAT(empleado.des_nombre, ' ', empleado.des_nombres, ' ', empleado.des_apepaterno, ' ', empleado.des_apematerno) AS responsable,
		CAST(to_char(reunion.fec_fecha, 'DD/MM/YYYY') as text) as fecha, CAST(to_char(reunion.tim_duracion,'HH24:MI') as text) as tiempo_invertido from
		sgrt.tsgrtreuniones reunion,
		sgrh.tsgrhempleados empleado
		WHERE reunion.cod_responsable=empleado.cod_empleado and
		cod_reunion=var_r.cod_reunion) c;
            END LOOP;
END; $$;


ALTER FUNCTION sgrt.reporte_por_tema(reunionid integer) OWNER TO suite;

--
-- Name: seq_sistema; Type: SEQUENCE; Schema: sgco; Owner: suite
--

CREATE SEQUENCE sgco.seq_sistema
    START WITH 1
    INCREMENT BY 1
    NO MINVALUE
    NO MAXVALUE
    CACHE 1;


ALTER TABLE sgco.seq_sistema OWNER TO suite;

--
-- Name: seq_tipousuario; Type: SEQUENCE; Schema: sgco; Owner: suite
--

CREATE SEQUENCE sgco.seq_tipousuario
    START WITH 1
    INCREMENT BY 1
    NO MINVALUE
    NO MAXVALUE
    CACHE 1;


ALTER TABLE sgco.seq_tipousuario OWNER TO suite;

--
-- Name: seq_usuarios; Type: SEQUENCE; Schema: sgco; Owner: suite
--

CREATE SEQUENCE sgco.seq_usuarios
    START WITH 1
    INCREMENT BY 1
    NO MINVALUE
    NO MAXVALUE
    CACHE 1;


ALTER TABLE sgco.seq_usuarios OWNER TO suite;

SET default_tablespace = '';

SET default_with_oids = false;

--
-- Name: tsgcosistemas; Type: TABLE; Schema: sgco; Owner: suite
--

CREATE TABLE sgco.tsgcosistemas (
    cod_sistema integer NOT NULL,
    des_nbsistema character varying(50) NOT NULL,
    des_descripcion character varying(300)
);


ALTER TABLE sgco.tsgcosistemas OWNER TO suite;

--
-- Name: tsgcotipousuario; Type: TABLE; Schema: sgco; Owner: suite
--

CREATE TABLE sgco.tsgcotipousuario (
    cod_tipousuario integer NOT NULL,
    cod_usuario integer NOT NULL,
    cod_sistema integer NOT NULL,
    cod_rol character varying(35) NOT NULL
);


ALTER TABLE sgco.tsgcotipousuario OWNER TO suite;

--
-- Name: tsgcousuarios; Type: TABLE; Schema: sgco; Owner: suite
--

CREATE TABLE sgco.tsgcousuarios (
    cod_usuario integer NOT NULL,
    cod_empleado integer NOT NULL,
    des_correo character varying(60) NOT NULL,
    des_contrasenacorreo character varying(50) NOT NULL,
    cod_usuariosistema character varying(30) NOT NULL,
    des_contrasenasistema character varying(30) NOT NULL
);


ALTER TABLE sgco.tsgcousuarios OWNER TO suite;

--
-- Name: seq_area; Type: SEQUENCE; Schema: sgrh; Owner: suite
--

CREATE SEQUENCE sgrh.seq_area
    START WITH 1
    INCREMENT BY 1
    NO MINVALUE
    NO MAXVALUE
    CACHE 1;


ALTER TABLE sgrh.seq_area OWNER TO suite;

--
-- Name: seq_capacitaciones; Type: SEQUENCE; Schema: sgrh; Owner: suite
--

CREATE SEQUENCE sgrh.seq_capacitaciones
    START WITH 1
    INCREMENT BY 1
    NO MINVALUE
    NO MAXVALUE
    CACHE 1;


ALTER TABLE sgrh.seq_capacitaciones OWNER TO suite;

--
-- Name: seq_cartaasignacion; Type: SEQUENCE; Schema: sgrh; Owner: suite
--

CREATE SEQUENCE sgrh.seq_cartaasignacion
    START WITH 1
    INCREMENT BY 1
    NO MINVALUE
    NO MAXVALUE
    CACHE 1;


ALTER TABLE sgrh.seq_cartaasignacion OWNER TO suite;

--
-- Name: seq_cat_encuesta_participantes; Type: SEQUENCE; Schema: sgrh; Owner: postgres
--

CREATE SEQUENCE sgrh.seq_cat_encuesta_participantes
    START WITH 1
    INCREMENT BY 1
    NO MINVALUE
    NO MAXVALUE
    CACHE 1;


ALTER TABLE sgrh.seq_cat_encuesta_participantes OWNER TO postgres;

--
-- Name: seq_catrespuestas; Type: SEQUENCE; Schema: sgrh; Owner: postgres
--

CREATE SEQUENCE sgrh.seq_catrespuestas
    START WITH 1
    INCREMENT BY 1
    NO MINVALUE
    NO MAXVALUE
    CACHE 1;


ALTER TABLE sgrh.seq_catrespuestas OWNER TO postgres;

--
-- Name: seq_clientes; Type: SEQUENCE; Schema: sgrh; Owner: suite
--

CREATE SEQUENCE sgrh.seq_clientes
    START WITH 1
    INCREMENT BY 1
    NO MINVALUE
    NO MAXVALUE
    CACHE 1;


ALTER TABLE sgrh.seq_clientes OWNER TO suite;

--
-- Name: seq_contrataciones; Type: SEQUENCE; Schema: sgrh; Owner: suite
--

CREATE SEQUENCE sgrh.seq_contrataciones
    START WITH 1
    INCREMENT BY 1
    NO MINVALUE
    NO MAXVALUE
    CACHE 1;


ALTER TABLE sgrh.seq_contrataciones OWNER TO suite;

--
-- Name: seq_contratos; Type: SEQUENCE; Schema: sgrh; Owner: suite
--

CREATE SEQUENCE sgrh.seq_contratos
    START WITH 1
    INCREMENT BY 1
    NO MINVALUE
    NO MAXVALUE
    CACHE 1;


ALTER TABLE sgrh.seq_contratos OWNER TO suite;

--
-- Name: seq_empleado; Type: SEQUENCE; Schema: sgrh; Owner: suite
--

CREATE SEQUENCE sgrh.seq_empleado
    START WITH 1
    INCREMENT BY 1
    NO MINVALUE
    NO MAXVALUE
    CACHE 1;


ALTER TABLE sgrh.seq_empleado OWNER TO suite;

--
-- Name: seq_encuestas; Type: SEQUENCE; Schema: sgrh; Owner: suite
--

CREATE SEQUENCE sgrh.seq_encuestas
    START WITH 1
    INCREMENT BY 1
    NO MINVALUE
    NO MAXVALUE
    CACHE 1;


ALTER TABLE sgrh.seq_encuestas OWNER TO suite;

--
-- Name: seq_escolaridad; Type: SEQUENCE; Schema: sgrh; Owner: suite
--

CREATE SEQUENCE sgrh.seq_escolaridad
    START WITH 1
    INCREMENT BY 1
    NO MINVALUE
    NO MAXVALUE
    CACHE 1;


ALTER TABLE sgrh.seq_escolaridad OWNER TO suite;

--
-- Name: seq_evacontestadas; Type: SEQUENCE; Schema: sgrh; Owner: suite
--

CREATE SEQUENCE sgrh.seq_evacontestadas
    START WITH 1
    INCREMENT BY 1
    NO MINVALUE
    NO MAXVALUE
    CACHE 1;


ALTER TABLE sgrh.seq_evacontestadas OWNER TO suite;

--
-- Name: seq_evaluaciones; Type: SEQUENCE; Schema: sgrh; Owner: suite
--

CREATE SEQUENCE sgrh.seq_evaluaciones
    START WITH 1
    INCREMENT BY 1
    NO MINVALUE
    NO MAXVALUE
    CACHE 1;


ALTER TABLE sgrh.seq_evaluaciones OWNER TO suite;

--
-- Name: seq_experiencialab; Type: SEQUENCE; Schema: sgrh; Owner: suite
--

CREATE SEQUENCE sgrh.seq_experiencialab
    START WITH 1
    INCREMENT BY 1
    NO MINVALUE
    NO MAXVALUE
    CACHE 1;


ALTER TABLE sgrh.seq_experiencialab OWNER TO suite;

--
-- Name: seq_factoreseva; Type: SEQUENCE; Schema: sgrh; Owner: suite
--

CREATE SEQUENCE sgrh.seq_factoreseva
    START WITH 1
    INCREMENT BY 1
    NO MINVALUE
    NO MAXVALUE
    CACHE 1;


ALTER TABLE sgrh.seq_factoreseva OWNER TO suite;

--
-- Name: seq_idiomas; Type: SEQUENCE; Schema: sgrh; Owner: suite
--

CREATE SEQUENCE sgrh.seq_idiomas
    START WITH 1
    INCREMENT BY 1
    NO MINVALUE
    NO MAXVALUE
    CACHE 1;


ALTER TABLE sgrh.seq_idiomas OWNER TO suite;

--
-- Name: seq_perfiles; Type: SEQUENCE; Schema: sgrh; Owner: suite
--

CREATE SEQUENCE sgrh.seq_perfiles
    START WITH 1
    INCREMENT BY 1
    NO MINVALUE
    NO MAXVALUE
    CACHE 1;


ALTER TABLE sgrh.seq_perfiles OWNER TO suite;

--
-- Name: seq_plancapacitacion; Type: SEQUENCE; Schema: sgrh; Owner: suite
--

CREATE SEQUENCE sgrh.seq_plancapacitacion
    START WITH 1
    INCREMENT BY 1
    NO MINVALUE
    NO MAXVALUE
    CACHE 1;


ALTER TABLE sgrh.seq_plancapacitacion OWNER TO suite;

--
-- Name: seq_planesoperativos; Type: SEQUENCE; Schema: sgrh; Owner: suite
--

CREATE SEQUENCE sgrh.seq_planesoperativos
    START WITH 1
    INCREMENT BY 1
    NO MINVALUE
    NO MAXVALUE
    CACHE 1;


ALTER TABLE sgrh.seq_planesoperativos OWNER TO suite;

--
-- Name: seq_planinvitados; Type: SEQUENCE; Schema: sgrh; Owner: suite
--

CREATE SEQUENCE sgrh.seq_planinvitados
    START WITH 1
    INCREMENT BY 1
    NO MINVALUE
    NO MAXVALUE
    CACHE 1;


ALTER TABLE sgrh.seq_planinvitados OWNER TO suite;

--
-- Name: seq_preguntasenc; Type: SEQUENCE; Schema: sgrh; Owner: suite
--

CREATE SEQUENCE sgrh.seq_preguntasenc
    START WITH 1
    INCREMENT BY 1
    NO MINVALUE
    NO MAXVALUE
    CACHE 1;


ALTER TABLE sgrh.seq_preguntasenc OWNER TO suite;

--
-- Name: seq_preguntaseva; Type: SEQUENCE; Schema: sgrh; Owner: suite
--

CREATE SEQUENCE sgrh.seq_preguntaseva
    START WITH 1
    INCREMENT BY 1
    NO MINVALUE
    NO MAXVALUE
    CACHE 1;


ALTER TABLE sgrh.seq_preguntaseva OWNER TO suite;

--
-- Name: seq_proceso; Type: SEQUENCE; Schema: sgrh; Owner: suite
--

CREATE SEQUENCE sgrh.seq_proceso
    START WITH 1
    INCREMENT BY 1
    NO MINVALUE
    NO MAXVALUE
    CACHE 1;


ALTER TABLE sgrh.seq_proceso OWNER TO suite;

--
-- Name: seq_puestos; Type: SEQUENCE; Schema: sgrh; Owner: suite
--

CREATE SEQUENCE sgrh.seq_puestos
    START WITH 1
    INCREMENT BY 1
    NO MINVALUE
    NO MAXVALUE
    CACHE 1;


ALTER TABLE sgrh.seq_puestos OWNER TO suite;

--
-- Name: seq_reglogistica; Type: SEQUENCE; Schema: sgrh; Owner: postgres
--

CREATE SEQUENCE sgrh.seq_reglogistica
    START WITH 1
    INCREMENT BY 1
    NO MINVALUE
    NO MAXVALUE
    CACHE 1;


ALTER TABLE sgrh.seq_reglogistica OWNER TO postgres;

--
-- Name: seq_respuestasenc; Type: SEQUENCE; Schema: sgrh; Owner: suite
--

CREATE SEQUENCE sgrh.seq_respuestasenc
    START WITH 1
    INCREMENT BY 1
    NO MINVALUE
    NO MAXVALUE
    CACHE 1;


ALTER TABLE sgrh.seq_respuestasenc OWNER TO suite;

--
-- Name: seq_respuestaseva; Type: SEQUENCE; Schema: sgrh; Owner: suite
--

CREATE SEQUENCE sgrh.seq_respuestaseva
    START WITH 1
    INCREMENT BY 1
    NO MINVALUE
    NO MAXVALUE
    CACHE 1;


ALTER TABLE sgrh.seq_respuestaseva OWNER TO suite;

--
-- Name: seq_revplanesoperativos; Type: SEQUENCE; Schema: sgrh; Owner: suite
--

CREATE SEQUENCE sgrh.seq_revplanesoperativos
    START WITH 1
    INCREMENT BY 1
    NO MINVALUE
    NO MAXVALUE
    CACHE 1;


ALTER TABLE sgrh.seq_revplanesoperativos OWNER TO suite;

--
-- Name: seq_subfactoreseva; Type: SEQUENCE; Schema: sgrh; Owner: suite
--

CREATE SEQUENCE sgrh.seq_subfactoreseva
    START WITH 1
    INCREMENT BY 1
    NO MINVALUE
    NO MAXVALUE
    CACHE 1;


ALTER TABLE sgrh.seq_subfactoreseva OWNER TO suite;

--
-- Name: seq_tiposcapacitaciones; Type: SEQUENCE; Schema: sgrh; Owner: suite
--

CREATE SEQUENCE sgrh.seq_tiposcapacitaciones
    START WITH 1
    INCREMENT BY 1
    NO MINVALUE
    NO MAXVALUE
    CACHE 1;


ALTER TABLE sgrh.seq_tiposcapacitaciones OWNER TO suite;

--
-- Name: seq_validaevaluaciones; Type: SEQUENCE; Schema: sgrh; Owner: suite
--

CREATE SEQUENCE sgrh.seq_validaevaluaciones
    START WITH 1
    INCREMENT BY 1
    NO MINVALUE
    NO MAXVALUE
    CACHE 1;


ALTER TABLE sgrh.seq_validaevaluaciones OWNER TO suite;

--
-- Name: tsgrhareas; Type: TABLE; Schema: sgrh; Owner: suite
--

CREATE TABLE sgrh.tsgrhareas (
    cod_area integer DEFAULT nextval('sgrh.seq_area'::regclass) NOT NULL,
    des_nbarea character varying(50) NOT NULL,
    cod_acronimo character varying(5) NOT NULL,
    cnu_activo boolean NOT NULL,
    cod_sistemasuite integer
);


ALTER TABLE sgrh.tsgrhareas OWNER TO suite;

--
-- Name: tsgrhcapacitaciones; Type: TABLE; Schema: sgrh; Owner: suite
--

CREATE TABLE sgrh.tsgrhcapacitaciones (
    cod_capacitacion integer DEFAULT nextval('sgrh.seq_capacitaciones'::regclass) NOT NULL,
    cod_empleado integer NOT NULL,
    cod_tipocurso character varying(40) NOT NULL,
    des_nbcurso character varying(50) NOT NULL,
    des_organismo character varying(50) NOT NULL,
    fec_termino date NOT NULL,
    des_duracion character varying(40) NOT NULL,
    bin_documento bytea
);


ALTER TABLE sgrh.tsgrhcapacitaciones OWNER TO suite;

--
-- Name: tsgrhcartaasignacion; Type: TABLE; Schema: sgrh; Owner: suite
--

CREATE TABLE sgrh.tsgrhcartaasignacion (
    cod_asignacion integer DEFAULT nextval('sgrh.seq_cartaasignacion'::regclass) NOT NULL,
    cod_empleado integer NOT NULL,
    cod_perfil integer NOT NULL,
    des_actividades character varying(200),
    des_lugarsalida character varying(100),
    des_lugarllegada character varying(100),
    fec_salida date,
    fec_llegada date,
    cod_transporte character varying(20),
    des_lugarhopedaje character varying(60),
    fec_hospedaje date,
    des_computadora character varying(150),
    cod_telefono character varying(16),
    des_accesorios character varying(150),
    des_nbresponsable character varying(50),
    des_nbpuesto character varying(50),
    des_lugarresp character varying(100),
    cod_telefonoresp character varying(16),
    tim_horario time without time zone,
    fec_iniciocontra date,
    fec_terminocontra date,
    imp_sueldomensual numeric(6,2),
    imp_nominaimss numeric(6,2),
    imp_honorarios numeric(6,2),
    imp_otros numeric(6,2),
    cod_rfc character varying(13),
    des_razonsocial character varying(45),
    des_correo character varying(50),
    cod_cpostal integer,
    des_direccionfact character varying(200),
    cod_cliente integer NOT NULL,
    cod_gpy integer,
    cod_rhta integer,
    cod_ape integer,
    cod_rys integer,
    cod_creadopor integer NOT NULL,
    cod_modificadopor integer NOT NULL,
    fec_creacion date DEFAULT CURRENT_DATE NOT NULL,
    fec_modificacion date DEFAULT CURRENT_DATE NOT NULL
);


ALTER TABLE sgrh.tsgrhcartaasignacion OWNER TO suite;

--
-- Name: tsgrhcatrespuestas; Type: TABLE; Schema: sgrh; Owner: suite
--

CREATE TABLE sgrh.tsgrhcatrespuestas (
    cod_catrespuesta integer DEFAULT nextval('sgrh.seq_catrespuestas'::regclass) NOT NULL,
    des_respuesta character varying(100) NOT NULL,
    cod_ponderacion integer NOT NULL
);


ALTER TABLE sgrh.tsgrhcatrespuestas OWNER TO suite;

--
-- Name: tsgrhclientes; Type: TABLE; Schema: sgrh; Owner: suite
--

CREATE TABLE sgrh.tsgrhclientes (
    cod_cliente integer DEFAULT nextval('sgrh.seq_clientes'::regclass) NOT NULL,
    des_nbcliente character varying(90),
    des_direccioncte character varying(150) NOT NULL,
    des_nbcontactocte character varying(70) NOT NULL,
    des_correocte character varying(50) NOT NULL,
    cod_telefonocte character varying(16) DEFAULT NULL::character varying
);


ALTER TABLE sgrh.tsgrhclientes OWNER TO suite;

--
-- Name: tsgrhcontrataciones; Type: TABLE; Schema: sgrh; Owner: suite
--

CREATE TABLE sgrh.tsgrhcontrataciones (
    cod_contratacion integer DEFAULT nextval('sgrh.seq_contrataciones'::regclass) NOT NULL,
    fec_inicio date NOT NULL,
    fec_termino date,
    des_esquema character varying(30) NOT NULL,
    cod_salarioestmin numeric(6,2) NOT NULL,
    cod_salarioestmax numeric(6,2),
    tim_jornada time without time zone,
    cod_creadopor integer NOT NULL,
    cod_modificadopor integer NOT NULL,
    fec_creacion date DEFAULT CURRENT_DATE NOT NULL,
    fec_modificacion date DEFAULT CURRENT_DATE NOT NULL
);


ALTER TABLE sgrh.tsgrhcontrataciones OWNER TO suite;

--
-- Name: tsgrhcontratos; Type: TABLE; Schema: sgrh; Owner: suite
--

CREATE TABLE sgrh.tsgrhcontratos (
    cod_contrato integer DEFAULT nextval('sgrh.seq_contratos'::regclass) NOT NULL,
    des_nbconsultor character varying(45) NOT NULL,
    des_appaterno character varying(45) NOT NULL,
    des_apmaterno character varying(45) NOT NULL,
    cod_creadopor integer NOT NULL,
    cod_modificadopor integer NOT NULL,
    fec_creacion date DEFAULT CURRENT_DATE NOT NULL,
    fec_modificacion date DEFAULT CURRENT_DATE NOT NULL
);


ALTER TABLE sgrh.tsgrhcontratos OWNER TO suite;

--
-- Name: tsgrhempleados; Type: TABLE; Schema: sgrh; Owner: suite
--

CREATE TABLE sgrh.tsgrhempleados (
    cod_empleado integer DEFAULT nextval('sgrh.seq_empleado'::regclass) NOT NULL,
    des_nombre character varying(45) NOT NULL,
    des_nombres character varying(60),
    des_apepaterno character varying(40) NOT NULL,
    des_apematerno character varying(40),
    des_direccion character varying(150) NOT NULL,
    fec_nacimiento date NOT NULL,
    des_lugarnacimiento character varying(50) NOT NULL,
    cod_edad integer NOT NULL,
    des_correo character varying(50),
    cod_tiposangre character varying(5) NOT NULL,
    cod_telefonocasa character varying(16),
    cod_telefonocelular character varying(16),
    cod_telemergencia character varying(16),
    bin_identificacion bytea,
    bin_pasaporte bytea,
    bin_visa bytea,
    cod_licenciamanejo character varying(20),
    fec_ingreso date NOT NULL,
    cod_rfc character varying(13),
    cod_nss character varying(20),
    cod_curp character varying(18) NOT NULL,
    bin_foto bytea,
    cod_tipofoto character varying(30),
    cod_extensionfoto character varying(5),
    cod_empleadoactivo boolean,
    cod_estatusempleado integer NOT NULL,
    cod_estadocivil integer NOT NULL,
    cod_rol integer,
    cod_puesto integer,
    cod_diasvacaciones integer,
    cod_sistemasuite integer,
    fec_creacion date DEFAULT CURRENT_DATE NOT NULL,
    fec_modificacion date DEFAULT CURRENT_DATE NOT NULL,
    cod_creadopor integer,
    cod_modificadopor integer,
    cod_area integer NOT NULL
);


ALTER TABLE sgrh.tsgrhempleados OWNER TO suite;

--
-- Name: tsgrhencuesta; Type: TABLE; Schema: sgrh; Owner: suite
--

CREATE TABLE sgrh.tsgrhencuesta (
    cod_encuesta integer DEFAULT nextval('sgrh.seq_encuestas'::regclass) NOT NULL,
    des_nbencuesta character varying(50) NOT NULL,
    cod_edoencuesta character varying(20) NOT NULL,
    fec_fechaencuesta date NOT NULL,
    cod_lugar integer NOT NULL,
    tim_duracion time without time zone,
    des_elementosvalidar character varying(200),
    des_defectos character varying(200),
    des_introduccion character varying(200),
    cod_aceptado boolean,
    cod_edoeliminar boolean,
    cod_creadopor integer NOT NULL,
    cod_modificadopor integer NOT NULL,
    fec_creacion date DEFAULT CURRENT_DATE NOT NULL,
    fec_modificacion date DEFAULT CURRENT_DATE NOT NULL,
    cod_area integer NOT NULL,
    CONSTRAINT tsgrhencuesta_cod_edoencuesta_check CHECK (((cod_edoencuesta)::text = ANY (ARRAY[('En Proceso'::character varying)::text, ('Corregido'::character varying)::text, ('Aceptado'::character varying)::text])))
);


ALTER TABLE sgrh.tsgrhencuesta OWNER TO suite;

--
-- Name: tsgrhencuesta_participantes; Type: TABLE; Schema: sgrh; Owner: suite
--

CREATE TABLE sgrh.tsgrhencuesta_participantes (
    cod_participantenc integer DEFAULT nextval('sgrh.seq_cat_encuesta_participantes'::regclass) NOT NULL,
    cod_empleado integer NOT NULL,
    cod_encuesta integer NOT NULL,
    cod_pregunta integer NOT NULL,
    cod_respuesta integer,
    respuesta_abierta text
);


ALTER TABLE sgrh.tsgrhencuesta_participantes OWNER TO suite;

--
-- Name: tsgrhescolaridad; Type: TABLE; Schema: sgrh; Owner: suite
--

CREATE TABLE sgrh.tsgrhescolaridad (
    cod_escolaridad integer DEFAULT nextval('sgrh.seq_escolaridad'::regclass) NOT NULL,
    cod_empleado integer NOT NULL,
    des_nbinstitucion character varying(70) NOT NULL,
    des_nivelestudios character varying(30) NOT NULL,
    cod_titulo boolean NOT NULL,
    fec_inicio date NOT NULL,
    fec_termino date NOT NULL,
    bin_titulo bytea
);


ALTER TABLE sgrh.tsgrhescolaridad OWNER TO suite;

--
-- Name: tsgrhevacontestadas; Type: TABLE; Schema: sgrh; Owner: suite
--

CREATE TABLE sgrh.tsgrhevacontestadas (
    cod_evacontestada integer DEFAULT nextval('sgrh.seq_evacontestadas'::regclass) NOT NULL,
    cod_evaluacion integer NOT NULL,
    cod_evaluador integer NOT NULL,
    cod_evaluado integer NOT NULL,
    cod_total integer NOT NULL,
    bin_reporte bytea
);


ALTER TABLE sgrh.tsgrhevacontestadas OWNER TO suite;

--
-- Name: tsgrhevaluaciones; Type: TABLE; Schema: sgrh; Owner: suite
--

CREATE TABLE sgrh.tsgrhevaluaciones (
    cod_evaluacion integer DEFAULT nextval('sgrh.seq_evaluaciones'::regclass) NOT NULL,
    des_nbevaluacion character varying(60) NOT NULL,
    cod_creadopor integer NOT NULL,
    cod_modificadopor integer NOT NULL,
    fec_creacion date DEFAULT CURRENT_DATE NOT NULL,
    fec_modificacion date DEFAULT CURRENT_DATE NOT NULL,
    des_edoevaluacion character varying(30) DEFAULT '--'::character varying,
    cod_edoeliminar boolean,
    CONSTRAINT tsgrhevaluaciones_des_edoevaluacion_check CHECK (((des_edoevaluacion)::text = ANY (ARRAY[('--'::character varying)::text, ('En Proceso'::character varying)::text, ('Corregido'::character varying)::text, ('Aceptado'::character varying)::text])))
);


ALTER TABLE sgrh.tsgrhevaluaciones OWNER TO suite;

--
-- Name: tsgrhexperienciaslaborales; Type: TABLE; Schema: sgrh; Owner: suite
--

CREATE TABLE sgrh.tsgrhexperienciaslaborales (
    cod_experiencia integer DEFAULT nextval('sgrh.seq_experiencialab'::regclass) NOT NULL,
    cod_empleado integer NOT NULL,
    des_nbempresa character varying(50) NOT NULL,
    des_nbpuesto character varying(50) NOT NULL,
    fec_inicio date NOT NULL,
    fec_termino date NOT NULL,
    txt_actividades text NOT NULL,
    des_ubicacion character varying(70),
    des_nbcliente character varying(70),
    des_proyecto character varying(70),
    txt_logros character varying(300)
);


ALTER TABLE sgrh.tsgrhexperienciaslaborales OWNER TO suite;

--
-- Name: tsgrhfactoreseva; Type: TABLE; Schema: sgrh; Owner: suite
--

CREATE TABLE sgrh.tsgrhfactoreseva (
    cod_factor integer DEFAULT nextval('sgrh.seq_factoreseva'::regclass) NOT NULL,
    des_nbfactor character varying(60) NOT NULL,
    cod_edoeliminar boolean NOT NULL
);


ALTER TABLE sgrh.tsgrhfactoreseva OWNER TO suite;

--
-- Name: tsgrhidiomas; Type: TABLE; Schema: sgrh; Owner: suite
--

CREATE TABLE sgrh.tsgrhidiomas (
    cod_idioma integer DEFAULT nextval('sgrh.seq_idiomas'::regclass) NOT NULL,
    des_nbidioma character varying(45) NOT NULL,
    por_dominiooral integer,
    por_dominioescrito integer,
    cod_empleado integer
);


ALTER TABLE sgrh.tsgrhidiomas OWNER TO suite;

--
-- Name: tsgrhperfiles; Type: TABLE; Schema: sgrh; Owner: suite
--

CREATE TABLE sgrh.tsgrhperfiles (
    cod_perfil integer DEFAULT nextval('sgrh.seq_perfiles'::regclass) NOT NULL,
    des_perfil character varying(100) NOT NULL
);


ALTER TABLE sgrh.tsgrhperfiles OWNER TO suite;

--
-- Name: tsgrhplancapacitacion; Type: TABLE; Schema: sgrh; Owner: suite
--

CREATE TABLE sgrh.tsgrhplancapacitacion (
    cod_plancapacitacion integer DEFAULT nextval('sgrh.seq_plancapacitacion'::regclass) NOT NULL,
    des_nombre character varying(50) NOT NULL,
    des_tipo character varying(10),
    cod_capacitacion integer,
    des_criterios character varying(200),
    des_roles character varying(200),
    cod_proceso integer,
    des_instructor character varying(50),
    des_proveedor character varying(50),
    fec_fecha date,
    des_lugar character varying(50),
    cnu_numeroasistentes integer,
    des_estado character varying(10) DEFAULT '--'::character varying,
    des_defecto_nombre character varying(200),
    des_defecto_tipo character varying(200),
    des_defecto_capacitacion character varying(200),
    des_defecto_criterios character varying(200),
    des_defecto_roles character varying(200),
    des_defecto_proceso character varying(200),
    des_defecto_instructor character varying(200),
    des_defecto_provedor character varying(200),
    des_defecto_logistica character varying(200),
    des_defecto_calendario character varying(200),
    fec_creacion date NOT NULL,
    fec_modificacion date,
    cod_creadopor integer NOT NULL,
    cod_modificadopor integer
);


ALTER TABLE sgrh.tsgrhplancapacitacion OWNER TO suite;

--
-- Name: tsgrhplaninvitados; Type: TABLE; Schema: sgrh; Owner: suite
--

CREATE TABLE sgrh.tsgrhplaninvitados (
    cod_planinvitados integer DEFAULT nextval('sgrh.seq_planinvitados'::regclass) NOT NULL,
    cod_plancapacitacion integer NOT NULL,
    cod_empleado integer NOT NULL
);


ALTER TABLE sgrh.tsgrhplaninvitados OWNER TO suite;

--
-- Name: tsgrhplanoperativo; Type: TABLE; Schema: sgrh; Owner: suite
--

CREATE TABLE sgrh.tsgrhplanoperativo (
    cod_planoperativo integer DEFAULT nextval('sgrh.seq_planesoperativos'::regclass) NOT NULL,
    des_nbplan character varying(100) NOT NULL,
    cod_version character varying(5) NOT NULL,
    cod_anio integer NOT NULL,
    cod_estatus character varying(20) NOT NULL,
    bin_planoperativo bytea,
    cod_creadopor integer NOT NULL,
    cod_modificadopor integer NOT NULL,
    fec_creacion date DEFAULT CURRENT_DATE NOT NULL,
    fec_modificacion date DEFAULT CURRENT_DATE NOT NULL
);


ALTER TABLE sgrh.tsgrhplanoperativo OWNER TO suite;

--
-- Name: tsgrhpreguntasenc; Type: TABLE; Schema: sgrh; Owner: suite
--

CREATE TABLE sgrh.tsgrhpreguntasenc (
    cod_pregunta integer DEFAULT nextval('sgrh.seq_preguntasenc'::regclass) NOT NULL,
    des_pregunta character varying(200) NOT NULL,
    cod_tipopregunta boolean,
    cod_edoeliminar boolean,
    cod_encuesta integer NOT NULL
);


ALTER TABLE sgrh.tsgrhpreguntasenc OWNER TO suite;

--
-- Name: tsgrhpreguntaseva; Type: TABLE; Schema: sgrh; Owner: suite
--

CREATE TABLE sgrh.tsgrhpreguntaseva (
    cod_pregunta integer DEFAULT nextval('sgrh.seq_preguntaseva'::regclass) NOT NULL,
    des_pregunta character varying(100) NOT NULL,
    cod_edoeliminar boolean NOT NULL,
    cod_evaluacion integer NOT NULL,
    cod_subfactor integer NOT NULL
);


ALTER TABLE sgrh.tsgrhpreguntaseva OWNER TO suite;

--
-- Name: tsgrhprocesocapacitacion; Type: TABLE; Schema: sgrh; Owner: suite
--

CREATE TABLE sgrh.tsgrhprocesocapacitacion (
    cod_proceso integer DEFAULT nextval('sgrh.seq_proceso'::regclass) NOT NULL,
    des_proceso character varying(30) NOT NULL
);


ALTER TABLE sgrh.tsgrhprocesocapacitacion OWNER TO suite;

--
-- Name: tsgrhpuestos; Type: TABLE; Schema: sgrh; Owner: suite
--

CREATE TABLE sgrh.tsgrhpuestos (
    cod_puesto integer DEFAULT nextval('sgrh.seq_puestos'::regclass) NOT NULL,
    des_puesto character varying(100) NOT NULL,
    cod_area integer NOT NULL,
    cod_acronimo character varying(5)
);


ALTER TABLE sgrh.tsgrhpuestos OWNER TO suite;

--
-- Name: tsgrhreglogistica; Type: TABLE; Schema: sgrh; Owner: postgres
--

CREATE TABLE sgrh.tsgrhreglogistica (
    cod_reglogistica integer DEFAULT nextval('sgrh.seq_reglogistica'::regclass) NOT NULL,
    tim_horario integer NOT NULL,
    des_lugarevento character varying(200) NOT NULL,
    des_requerimientos character varying(200) NOT NULL,
    fec_inicio date NOT NULL,
    fec_termino date NOT NULL,
    cod_capacitacion integer NOT NULL
);


ALTER TABLE sgrh.tsgrhreglogistica OWNER TO postgres;

--
-- Name: tsgrhrespuestasenc; Type: TABLE; Schema: sgrh; Owner: suite
--

CREATE TABLE sgrh.tsgrhrespuestasenc (
    cod_respuesta integer DEFAULT nextval('sgrh.seq_respuestasenc'::regclass) NOT NULL,
    cod_catrespuesta integer,
    cod_pregunta integer NOT NULL,
    cod_edoeliminar boolean
);


ALTER TABLE sgrh.tsgrhrespuestasenc OWNER TO suite;

--
-- Name: tsgrhrespuestaseva; Type: TABLE; Schema: sgrh; Owner: suite
--

CREATE TABLE sgrh.tsgrhrespuestaseva (
    cod_respuesta integer DEFAULT nextval('sgrh.seq_respuestaseva'::regclass) NOT NULL,
    des_respuesta character varying(200) NOT NULL,
    cod_pregunta integer NOT NULL,
    cod_evacontestada integer NOT NULL
);


ALTER TABLE sgrh.tsgrhrespuestaseva OWNER TO suite;

--
-- Name: tsgrhrevplanoperativo; Type: TABLE; Schema: sgrh; Owner: suite
--

CREATE TABLE sgrh.tsgrhrevplanoperativo (
    cod_revplanoperativo integer DEFAULT nextval('sgrh.seq_revplanesoperativos'::regclass) NOT NULL,
    fec_creacion date DEFAULT CURRENT_DATE NOT NULL,
    cod_lugar integer NOT NULL,
    tim_duracion time without time zone,
    cod_participante1 integer,
    cod_participante2 integer,
    cod_participante3 integer,
    cod_participante4 integer,
    cod_participante5 integer,
    cod_planoperativo integer,
    des_puntosatratar character varying(250),
    des_acuerdosobtenidos character varying(500),
    cod_creadopor integer NOT NULL,
    cod_modificadopor integer NOT NULL,
    fec_modificacion date DEFAULT CURRENT_DATE NOT NULL
);


ALTER TABLE sgrh.tsgrhrevplanoperativo OWNER TO suite;

--
-- Name: tsgrhsubfactoreseva; Type: TABLE; Schema: sgrh; Owner: suite
--

CREATE TABLE sgrh.tsgrhsubfactoreseva (
    cod_subfactor integer DEFAULT nextval('sgrh.seq_subfactoreseva'::regclass) NOT NULL,
    des_nbsubfactor character varying(60) NOT NULL,
    cod_factor integer NOT NULL,
    cod_edoeliminar boolean NOT NULL
);


ALTER TABLE sgrh.tsgrhsubfactoreseva OWNER TO suite;

--
-- Name: tsgrhtiposcapacitaciones; Type: TABLE; Schema: sgrh; Owner: suite
--

CREATE TABLE sgrh.tsgrhtiposcapacitaciones (
    cod_capacitacion integer DEFAULT nextval('sgrh.seq_tiposcapacitaciones'::regclass) NOT NULL,
    des_capacitacion character varying(30) NOT NULL
);


ALTER TABLE sgrh.tsgrhtiposcapacitaciones OWNER TO suite;

--
-- Name: tsgrhvalidaevaluaciondes; Type: TABLE; Schema: sgrh; Owner: suite
--

CREATE TABLE sgrh.tsgrhvalidaevaluaciondes (
    cod_validacion integer DEFAULT nextval('sgrh.seq_validaevaluaciones'::regclass) NOT NULL,
    des_edoevaluacion character varying(30) NOT NULL,
    fec_validacion date,
    cod_lugar integer,
    tim_duracion time without time zone,
    des_defectosevalucacion character varying(1000),
    cod_edoeliminar boolean,
    cod_evaluacion integer,
    cod_participante1 integer NOT NULL,
    cod_participante2 integer,
    cod_participante3 integer,
    cod_participante4 integer,
    cod_evaluador integer,
    cod_evaluado integer,
    CONSTRAINT tsgrhvalidaevaluaciondes_des_edoevaluacion_check CHECK (((des_edoevaluacion)::text = ANY (ARRAY[('--'::character varying)::text, ('En Proceso'::character varying)::text, ('Corregido'::character varying)::text, ('Aceptado'::character varying)::text])))
);


ALTER TABLE sgrh.tsgrhvalidaevaluaciondes OWNER TO suite;

--
-- Name: seq_agenda; Type: SEQUENCE; Schema: sgrt; Owner: suite
--

CREATE SEQUENCE sgrt.seq_agenda
    START WITH 1
    INCREMENT BY 1
    NO MINVALUE
    NO MAXVALUE
    CACHE 1;


ALTER TABLE sgrt.seq_agenda OWNER TO suite;

--
-- Name: seq_archivo; Type: SEQUENCE; Schema: sgrt; Owner: suite
--

CREATE SEQUENCE sgrt.seq_archivo
    START WITH 1
    INCREMENT BY 1
    NO MINVALUE
    NO MAXVALUE
    CACHE 1;


ALTER TABLE sgrt.seq_archivo OWNER TO suite;

--
-- Name: seq_asistente; Type: SEQUENCE; Schema: sgrt; Owner: suite
--

CREATE SEQUENCE sgrt.seq_asistente
    START WITH 1
    INCREMENT BY 1
    NO MINVALUE
    NO MAXVALUE
    CACHE 1;


ALTER TABLE sgrt.seq_asistente OWNER TO suite;

--
-- Name: seq_attach; Type: SEQUENCE; Schema: sgrt; Owner: suite
--

CREATE SEQUENCE sgrt.seq_attach
    START WITH 1
    INCREMENT BY 1
    NO MINVALUE
    NO MAXVALUE
    CACHE 1;


ALTER TABLE sgrt.seq_attach OWNER TO suite;

--
-- Name: seq_categoriafaq; Type: SEQUENCE; Schema: sgrt; Owner: suite
--

CREATE SEQUENCE sgrt.seq_categoriafaq
    START WITH 1
    INCREMENT BY 1
    NO MINVALUE
    NO MAXVALUE
    CACHE 1;


ALTER TABLE sgrt.seq_categoriafaq OWNER TO suite;

--
-- Name: seq_chat; Type: SEQUENCE; Schema: sgrt; Owner: suite
--

CREATE SEQUENCE sgrt.seq_chat
    START WITH 1
    INCREMENT BY 1
    NO MINVALUE
    MAXVALUE 99999999999999
    CACHE 1;


ALTER TABLE sgrt.seq_chat OWNER TO suite;

--
-- Name: seq_ciudad; Type: SEQUENCE; Schema: sgrt; Owner: suite
--

CREATE SEQUENCE sgrt.seq_ciudad
    START WITH 1
    INCREMENT BY 1
    NO MINVALUE
    NO MAXVALUE
    CACHE 1;


ALTER TABLE sgrt.seq_ciudad OWNER TO suite;

--
-- Name: seq_comentsagenda; Type: SEQUENCE; Schema: sgrt; Owner: suite
--

CREATE SEQUENCE sgrt.seq_comentsagenda
    START WITH 1
    INCREMENT BY 1
    NO MINVALUE
    NO MAXVALUE
    CACHE 1;


ALTER TABLE sgrt.seq_comentsagenda OWNER TO suite;

--
-- Name: seq_comentsreunion; Type: SEQUENCE; Schema: sgrt; Owner: suite
--

CREATE SEQUENCE sgrt.seq_comentsreunion
    START WITH 1
    INCREMENT BY 1
    NO MINVALUE
    NO MAXVALUE
    CACHE 1;


ALTER TABLE sgrt.seq_comentsreunion OWNER TO suite;

--
-- Name: seq_compromiso; Type: SEQUENCE; Schema: sgrt; Owner: suite
--

CREATE SEQUENCE sgrt.seq_compromiso
    START WITH 1
    INCREMENT BY 1
    NO MINVALUE
    NO MAXVALUE
    CACHE 1;


ALTER TABLE sgrt.seq_compromiso OWNER TO suite;

--
-- Name: seq_contacto; Type: SEQUENCE; Schema: sgrt; Owner: suite
--

CREATE SEQUENCE sgrt.seq_contacto
    START WITH 1
    INCREMENT BY 1
    NO MINVALUE
    NO MAXVALUE
    CACHE 1;


ALTER TABLE sgrt.seq_contacto OWNER TO suite;

--
-- Name: seq_correo; Type: SEQUENCE; Schema: sgrt; Owner: suite
--

CREATE SEQUENCE sgrt.seq_correo
    START WITH 1
    INCREMENT BY 1
    NO MINVALUE
    NO MAXVALUE
    CACHE 1;


ALTER TABLE sgrt.seq_correo OWNER TO suite;

--
-- Name: seq_depto; Type: SEQUENCE; Schema: sgrt; Owner: suite
--

CREATE SEQUENCE sgrt.seq_depto
    START WITH 1
    INCREMENT BY 1
    NO MINVALUE
    NO MAXVALUE
    CACHE 1;


ALTER TABLE sgrt.seq_depto OWNER TO suite;

--
-- Name: seq_edoacuerdo; Type: SEQUENCE; Schema: sgrt; Owner: suite
--

CREATE SEQUENCE sgrt.seq_edoacuerdo
    START WITH 1
    INCREMENT BY 1
    NO MINVALUE
    NO MAXVALUE
    CACHE 1;


ALTER TABLE sgrt.seq_edoacuerdo OWNER TO suite;

--
-- Name: seq_elemento; Type: SEQUENCE; Schema: sgrt; Owner: suite
--

CREATE SEQUENCE sgrt.seq_elemento
    START WITH 1
    INCREMENT BY 1
    NO MINVALUE
    NO MAXVALUE
    CACHE 1;


ALTER TABLE sgrt.seq_elemento OWNER TO suite;

--
-- Name: seq_estadorep; Type: SEQUENCE; Schema: sgrt; Owner: suite
--

CREATE SEQUENCE sgrt.seq_estadorep
    START WITH 1
    INCREMENT BY 1
    NO MINVALUE
    NO MAXVALUE
    CACHE 1;


ALTER TABLE sgrt.seq_estadorep OWNER TO suite;

--
-- Name: seq_faq; Type: SEQUENCE; Schema: sgrt; Owner: suite
--

CREATE SEQUENCE sgrt.seq_faq
    START WITH 1
    INCREMENT BY 1
    NO MINVALUE
    NO MAXVALUE
    CACHE 1;


ALTER TABLE sgrt.seq_faq OWNER TO suite;

--
-- Name: seq_grupo; Type: SEQUENCE; Schema: sgrt; Owner: suite
--

CREATE SEQUENCE sgrt.seq_grupo
    START WITH 1
    INCREMENT BY 1
    NO MINVALUE
    NO MAXVALUE
    CACHE 1;


ALTER TABLE sgrt.seq_grupo OWNER TO suite;

--
-- Name: seq_invitado; Type: SEQUENCE; Schema: sgrt; Owner: suite
--

CREATE SEQUENCE sgrt.seq_invitado
    START WITH 1
    INCREMENT BY 1
    NO MINVALUE
    NO MAXVALUE
    CACHE 1;


ALTER TABLE sgrt.seq_invitado OWNER TO suite;

--
-- Name: seq_lugar; Type: SEQUENCE; Schema: sgrt; Owner: suite
--

CREATE SEQUENCE sgrt.seq_lugar
    START WITH 1
    INCREMENT BY 1
    NO MINVALUE
    NO MAXVALUE
    CACHE 1;


ALTER TABLE sgrt.seq_lugar OWNER TO suite;

--
-- Name: seq_mensaje; Type: SEQUENCE; Schema: sgrt; Owner: suite
--

CREATE SEQUENCE sgrt.seq_mensaje
    START WITH 1
    INCREMENT BY 1
    NO MINVALUE
    NO MAXVALUE
    CACHE 1;


ALTER TABLE sgrt.seq_mensaje OWNER TO suite;

--
-- Name: seq_nota; Type: SEQUENCE; Schema: sgrt; Owner: suite
--

CREATE SEQUENCE sgrt.seq_nota
    START WITH 1
    INCREMENT BY 1
    NO MINVALUE
    NO MAXVALUE
    CACHE 1;


ALTER TABLE sgrt.seq_nota OWNER TO suite;

--
-- Name: seq_plantillacorreo; Type: SEQUENCE; Schema: sgrt; Owner: suite
--

CREATE SEQUENCE sgrt.seq_plantillacorreo
    START WITH 1
    INCREMENT BY 1
    NO MINVALUE
    NO MAXVALUE
    CACHE 1;


ALTER TABLE sgrt.seq_plantillacorreo OWNER TO suite;

--
-- Name: seq_prioridad; Type: SEQUENCE; Schema: sgrt; Owner: suite
--

CREATE SEQUENCE sgrt.seq_prioridad
    START WITH 1
    INCREMENT BY 1
    NO MINVALUE
    NO MAXVALUE
    CACHE 1;


ALTER TABLE sgrt.seq_prioridad OWNER TO suite;

--
-- Name: seq_resp; Type: SEQUENCE; Schema: sgrt; Owner: suite
--

CREATE SEQUENCE sgrt.seq_resp
    START WITH 1
    INCREMENT BY 1
    NO MINVALUE
    NO MAXVALUE
    CACHE 1;


ALTER TABLE sgrt.seq_resp OWNER TO suite;

--
-- Name: seq_respuesta; Type: SEQUENCE; Schema: sgrt; Owner: suite
--

CREATE SEQUENCE sgrt.seq_respuesta
    START WITH 1
    INCREMENT BY 1
    NO MINVALUE
    NO MAXVALUE
    CACHE 1;


ALTER TABLE sgrt.seq_respuesta OWNER TO suite;

--
-- Name: seq_respuestas_participantes; Type: SEQUENCE; Schema: sgrt; Owner: postgres
--

CREATE SEQUENCE sgrt.seq_respuestas_participantes
    START WITH 1
    INCREMENT BY 1
    NO MINVALUE
    NO MAXVALUE
    CACHE 1;


ALTER TABLE sgrt.seq_respuestas_participantes OWNER TO postgres;

--
-- Name: seq_reunion; Type: SEQUENCE; Schema: sgrt; Owner: suite
--

CREATE SEQUENCE sgrt.seq_reunion
    START WITH 1
    INCREMENT BY 1
    NO MINVALUE
    NO MAXVALUE
    CACHE 1;


ALTER TABLE sgrt.seq_reunion OWNER TO suite;

--
-- Name: seq_servicio; Type: SEQUENCE; Schema: sgrt; Owner: suite
--

CREATE SEQUENCE sgrt.seq_servicio
    START WITH 1
    INCREMENT BY 1
    NO MINVALUE
    NO MAXVALUE
    CACHE 1;


ALTER TABLE sgrt.seq_servicio OWNER TO suite;

--
-- Name: seq_solicitud; Type: SEQUENCE; Schema: sgrt; Owner: suite
--

CREATE SEQUENCE sgrt.seq_solicitud
    START WITH 1
    INCREMENT BY 1
    NO MINVALUE
    NO MAXVALUE
    CACHE 1;


ALTER TABLE sgrt.seq_solicitud OWNER TO suite;

--
-- Name: seq_ticket; Type: SEQUENCE; Schema: sgrt; Owner: suite
--

CREATE SEQUENCE sgrt.seq_ticket
    START WITH 1
    INCREMENT BY 1
    NO MINVALUE
    NO MAXVALUE
    CACHE 1;


ALTER TABLE sgrt.seq_ticket OWNER TO suite;

--
-- Name: seq_topico; Type: SEQUENCE; Schema: sgrt; Owner: suite
--

CREATE SEQUENCE sgrt.seq_topico
    START WITH 1
    INCREMENT BY 1
    NO MINVALUE
    NO MAXVALUE
    CACHE 1;


ALTER TABLE sgrt.seq_topico OWNER TO suite;

--
-- Name: tsgrtagenda; Type: TABLE; Schema: sgrt; Owner: suite
--

CREATE TABLE sgrt.tsgrtagenda (
    cod_agenda integer DEFAULT nextval('sgrt.seq_agenda'::regclass) NOT NULL,
    des_texto character varying(200) NOT NULL,
    cnu_tratado smallint DEFAULT '0'::smallint,
    cod_reunion integer NOT NULL
);


ALTER TABLE sgrt.tsgrtagenda OWNER TO suite;

--
-- Name: tsgrtarchivos; Type: TABLE; Schema: sgrt; Owner: suite
--

CREATE TABLE sgrt.tsgrtarchivos (
    cod_archivo integer DEFAULT nextval('sgrt.seq_archivo'::regclass) NOT NULL,
    bin_archivo bytea,
    cod_reunion integer NOT NULL
);


ALTER TABLE sgrt.tsgrtarchivos OWNER TO suite;

--
-- Name: tsgrtasistentes; Type: TABLE; Schema: sgrt; Owner: suite
--

CREATE TABLE sgrt.tsgrtasistentes (
    cod_asistente integer DEFAULT nextval('sgrt.seq_asistente'::regclass) NOT NULL,
    cod_reunion integer NOT NULL,
    cod_empleado integer,
    cnu_asiste smallint NOT NULL,
    cod_invitado integer
);


ALTER TABLE sgrt.tsgrtasistentes OWNER TO suite;

--
-- Name: tsgrtattchticket; Type: TABLE; Schema: sgrt; Owner: suite
--

CREATE TABLE sgrt.tsgrtattchticket (
    cod_attach integer DEFAULT nextval('sgrt.seq_attach'::regclass) NOT NULL,
    cod_ticket integer NOT NULL,
    cod_tamano character varying(20) NOT NULL,
    des_nombre character varying(128) NOT NULL,
    cod_sistemasuite integer NOT NULL,
    fec_ultactualizacion timestamp without time zone,
    cod_ultactualizacionpor integer NOT NULL,
    cod_creadopor integer NOT NULL,
    fec_creacion timestamp without time zone,
    bin_attach bytea
);


ALTER TABLE sgrt.tsgrtattchticket OWNER TO suite;

--
-- Name: tsgrtayudatopico; Type: TABLE; Schema: sgrt; Owner: suite
--

CREATE TABLE sgrt.tsgrtayudatopico (
    cod_topico integer DEFAULT nextval('sgrt.seq_topico'::regclass) NOT NULL,
    cnu_activo smallint NOT NULL,
    cnu_autorespuesta smallint NOT NULL,
    cod_prioridad smallint NOT NULL,
    cod_depto integer NOT NULL,
    des_topico character varying(36) NOT NULL,
    cod_sistemasuite integer NOT NULL,
    fec_ultactualizacion timestamp without time zone,
    cod_ultactualizacionpor integer,
    cod_creadopor integer NOT NULL,
    fec_creacion timestamp without time zone
);


ALTER TABLE sgrt.tsgrtayudatopico OWNER TO suite;

--
-- Name: tsgrtcategoriafaq; Type: TABLE; Schema: sgrt; Owner: suite
--

CREATE TABLE sgrt.tsgrtcategoriafaq (
    cod_categoriafaq integer DEFAULT nextval('sgrt.seq_categoriafaq'::regclass) NOT NULL,
    cnu_tipo smallint NOT NULL,
    des_categoria character varying(255) NOT NULL,
    des_descripcion character varying(255) NOT NULL,
    des_notas character varying(255) NOT NULL,
    tim_ultactualiza timestamp without time zone NOT NULL,
    fec_creacion timestamp without time zone NOT NULL,
    fec_ultactualizadopor integer NOT NULL,
    cod_creadopor integer NOT NULL
);


ALTER TABLE sgrt.tsgrtcategoriafaq OWNER TO suite;

--
-- Name: tsgrtchat; Type: TABLE; Schema: sgrt; Owner: suite
--

CREATE TABLE sgrt.tsgrtchat (
    cod_chat integer DEFAULT nextval('sgrt.seq_chat'::regclass) NOT NULL,
    chat character varying NOT NULL
);


ALTER TABLE sgrt.tsgrtchat OWNER TO suite;

--
-- Name: tsgrtciudades; Type: TABLE; Schema: sgrt; Owner: suite
--

CREATE TABLE sgrt.tsgrtciudades (
    cod_ciudad integer DEFAULT nextval('sgrt.seq_ciudad'::regclass) NOT NULL,
    des_nbciudad character varying(100) NOT NULL,
    cod_estadorep integer NOT NULL
);


ALTER TABLE sgrt.tsgrtciudades OWNER TO suite;

--
-- Name: tsgrtcomentariosagenda; Type: TABLE; Schema: sgrt; Owner: suite
--

CREATE TABLE sgrt.tsgrtcomentariosagenda (
    cod_comentsagenda integer DEFAULT nextval('sgrt.seq_comentsagenda'::regclass) NOT NULL,
    des_comentario character varying(500) NOT NULL,
    cod_agenda integer NOT NULL,
    cod_invitado integer NOT NULL
);


ALTER TABLE sgrt.tsgrtcomentariosagenda OWNER TO suite;

--
-- Name: tsgrtcomentariosreunion; Type: TABLE; Schema: sgrt; Owner: suite
--

CREATE TABLE sgrt.tsgrtcomentariosreunion (
    cod_commentsreunion integer DEFAULT nextval('sgrt.seq_comentsreunion'::regclass) NOT NULL,
    des_comentario character varying(500) NOT NULL,
    cod_invitado integer NOT NULL,
    cod_reunion integer NOT NULL
);


ALTER TABLE sgrt.tsgrtcomentariosreunion OWNER TO suite;

--
-- Name: tsgrtcompromisos; Type: TABLE; Schema: sgrt; Owner: suite
--

CREATE TABLE sgrt.tsgrtcompromisos (
    cod_compromiso integer DEFAULT nextval('sgrt.seq_compromiso'::regclass) NOT NULL,
    des_descripcion character varying(200) NOT NULL,
    fec_solicitud date NOT NULL,
    fec_compromiso date NOT NULL,
    cod_reunion integer NOT NULL,
    cod_validador integer NOT NULL,
    cod_verificador integer NOT NULL,
    cod_estado integer,
    des_valor character varying(45),
    cod_ejecutor integer NOT NULL,
    cod_tipoejecutor character varying(10),
    cnu_revisado smallint,
    cod_estatus sgrt.estatus_compromiso DEFAULT 'Pendiente'::sgrt.estatus_compromiso NOT NULL,
    cod_tipocompromiso sgrt.tipo_compromiso DEFAULT 'Pendiente'::sgrt.tipo_compromiso NOT NULL,
    cod_chat integer,
    fec_entrega date
);


ALTER TABLE sgrt.tsgrtcompromisos OWNER TO suite;

--
-- Name: tsgrtcorreo; Type: TABLE; Schema: sgrt; Owner: suite
--

CREATE TABLE sgrt.tsgrtcorreo (
    cod_correo integer DEFAULT nextval('sgrt.seq_correo'::regclass) NOT NULL,
    cnu_autorespuesta smallint NOT NULL,
    cod_prioridad smallint NOT NULL,
    cod_depto integer,
    des_nbusuario character varying(32) NOT NULL,
    des_correo character varying(50) NOT NULL,
    des_nombre character varying(70) NOT NULL,
    des_contrasena character varying(30) NOT NULL,
    cnu_activo smallint NOT NULL,
    des_dirhost character varying(125) NOT NULL,
    cod_protocolo sgrt.protocolo DEFAULT 'POP'::sgrt.protocolo NOT NULL,
    cod_encriptacion sgrt.encriptacion DEFAULT 'NONE'::sgrt.encriptacion NOT NULL,
    cod_puerto integer,
    cnu_frecsinc smallint NOT NULL,
    cnu_nummaxcorreo smallint NOT NULL,
    cnu_eliminar smallint NOT NULL,
    cnu_errores smallint NOT NULL,
    fec_ulterror timestamp without time zone,
    fec_ultsincr timestamp without time zone,
    cnu_smtpactivo smallint,
    des_smtphost character varying(125) NOT NULL,
    cod_smtpport integer,
    cnu_smtpsecure smallint NOT NULL,
    cnu_smtpauth smallint NOT NULL,
    cod_sistemasuite integer NOT NULL,
    fec_ultactualizacion timestamp without time zone,
    cod_ultactualizacionpor integer NOT NULL,
    cod_creadopor integer NOT NULL,
    fec_creacion timestamp without time zone,
    cod_usuario integer NOT NULL
);


ALTER TABLE sgrt.tsgrtcorreo OWNER TO suite;

--
-- Name: tsgrtdatossolicitud; Type: TABLE; Schema: sgrt; Owner: suite
--

CREATE TABLE sgrt.tsgrtdatossolicitud (
    cod_datosolicitud integer NOT NULL,
    cod_elemento integer NOT NULL,
    des_descripcion character varying(45) NOT NULL,
    cod_solicitud integer NOT NULL,
    cod_edosolicitud integer NOT NULL
);


ALTER TABLE sgrt.tsgrtdatossolicitud OWNER TO suite;

--
-- Name: tsgrtdepartamento; Type: TABLE; Schema: sgrt; Owner: suite
--

CREATE TABLE sgrt.tsgrtdepartamento (
    cod_depto integer DEFAULT nextval('sgrt.seq_depto'::regclass) NOT NULL,
    cod_plantillacorreo integer NOT NULL,
    cod_correo integer NOT NULL,
    cod_manager integer DEFAULT 0 NOT NULL,
    des_nombre character varying(50) NOT NULL,
    cod_ncorto character varying(10) NOT NULL,
    des_firma text NOT NULL,
    cnu_publico smallint NOT NULL,
    cod_sistemasuite integer DEFAULT 1 NOT NULL,
    fec_ultactualizacion timestamp without time zone,
    cod_ultactualizacionpor integer NOT NULL,
    cod_creadopor integer NOT NULL,
    fec_creacion timestamp without time zone
);


ALTER TABLE sgrt.tsgrtdepartamento OWNER TO suite;

--
-- Name: tsgrtedosolicitudes; Type: TABLE; Schema: sgrt; Owner: suite
--

CREATE TABLE sgrt.tsgrtedosolicitudes (
    cod_edosolicitud integer NOT NULL,
    cod_nbedosolicitud integer NOT NULL
);


ALTER TABLE sgrt.tsgrtedosolicitudes OWNER TO suite;

--
-- Name: tsgrtelementos; Type: TABLE; Schema: sgrt; Owner: suite
--

CREATE TABLE sgrt.tsgrtelementos (
    cod_elemento integer DEFAULT nextval('sgrt.seq_elemento'::regclass) NOT NULL,
    des_nombre character varying(50) NOT NULL,
    cnu_activo smallint NOT NULL
);


ALTER TABLE sgrt.tsgrtelementos OWNER TO suite;

--
-- Name: tsgrtestados; Type: TABLE; Schema: sgrt; Owner: suite
--

CREATE TABLE sgrt.tsgrtestados (
    cod_estadorep integer DEFAULT nextval('sgrt.seq_estadorep'::regclass) NOT NULL,
    des_nbestado character varying(60) NOT NULL
);


ALTER TABLE sgrt.tsgrtestados OWNER TO suite;

--
-- Name: tsgrtfaq; Type: TABLE; Schema: sgrt; Owner: suite
--

CREATE TABLE sgrt.tsgrtfaq (
    cod_faq integer DEFAULT nextval('sgrt.seq_faq'::regclass) NOT NULL,
    cod_categoriafaq integer NOT NULL,
    des_pregunta character varying(255) NOT NULL,
    cnu_activo smallint NOT NULL,
    des_respuesta character varying(255) NOT NULL,
    des_notasint character varying(255) NOT NULL,
    fec_ultactualizacion timestamp without time zone NOT NULL,
    fec_creacion timestamp without time zone NOT NULL,
    cod_creadopor integer NOT NULL,
    cod_ultactualizacionpor integer NOT NULL
);


ALTER TABLE sgrt.tsgrtfaq OWNER TO suite;

--
-- Name: tsgrtgrupo; Type: TABLE; Schema: sgrt; Owner: suite
--

CREATE TABLE sgrt.tsgrtgrupo (
    cod_grupo integer DEFAULT nextval('sgrt.seq_grupo'::regclass) NOT NULL,
    cnu_activo smallint NOT NULL,
    des_nombre character varying(50) NOT NULL,
    cnu_crear smallint NOT NULL,
    cnu_editar smallint NOT NULL,
    cnu_borrar smallint NOT NULL,
    cnu_cerrar smallint NOT NULL,
    cnu_transferir smallint NOT NULL,
    cnu_prohibir smallint NOT NULL,
    cnu_administrar smallint NOT NULL,
    cod_sistemasuite integer DEFAULT 1 NOT NULL,
    fec_ultactualizacion timestamp without time zone,
    cod_ultactualizacionpor integer NOT NULL,
    cod_creadopor integer NOT NULL,
    fec_creacion timestamp without time zone
);


ALTER TABLE sgrt.tsgrtgrupo OWNER TO suite;

--
-- Name: tsgrtinvitados; Type: TABLE; Schema: sgrt; Owner: suite
--

CREATE TABLE sgrt.tsgrtinvitados (
    cod_invitado integer DEFAULT nextval('sgrt.seq_invitado'::regclass) NOT NULL,
    cod_reunion integer NOT NULL,
    des_nombre character varying,
    des_correo character varying,
    cnu_invitacionenv smallint NOT NULL,
    cnu_asiste smallint NOT NULL,
    cod_empleado integer,
    des_empresa character varying
);


ALTER TABLE sgrt.tsgrtinvitados OWNER TO suite;

--
-- Name: tsgrtlugares; Type: TABLE; Schema: sgrt; Owner: suite
--

CREATE TABLE sgrt.tsgrtlugares (
    cod_lugar integer DEFAULT nextval('sgrt.seq_lugar'::regclass) NOT NULL,
    des_nombre character varying(60) NOT NULL,
    cod_ciudad integer NOT NULL
);


ALTER TABLE sgrt.tsgrtlugares OWNER TO suite;

--
-- Name: tsgrtmsjticket; Type: TABLE; Schema: sgrt; Owner: suite
--

CREATE TABLE sgrt.tsgrtmsjticket (
    cod_mensaje integer DEFAULT nextval('sgrt.seq_mensaje'::regclass) NOT NULL,
    cod_ticket integer NOT NULL,
    cod_usuario integer DEFAULT 0 NOT NULL,
    des_mensaje text NOT NULL,
    cod_fuente character varying(16) DEFAULT NULL::character varying,
    cod_sistemasuite integer DEFAULT 1 NOT NULL,
    fec_ultactualizacion timestamp without time zone,
    cod_ultactualizacionpor integer NOT NULL,
    cod_creadopor integer NOT NULL,
    fec_creacion timestamp without time zone
);


ALTER TABLE sgrt.tsgrtmsjticket OWNER TO suite;

--
-- Name: tsgrtnota; Type: TABLE; Schema: sgrt; Owner: suite
--

CREATE TABLE sgrt.tsgrtnota (
    cod_nota integer DEFAULT nextval('sgrt.seq_nota'::regclass) NOT NULL,
    cod_ticket integer NOT NULL,
    cod_empleado integer NOT NULL,
    des_fuente character varying(32) NOT NULL,
    des_titulo character varying(255) DEFAULT 'Nota INTEGERerna Generica'::character varying NOT NULL,
    des_nota text NOT NULL,
    cod_sistemasuite integer NOT NULL,
    fec_ultactualizacion timestamp without time zone,
    cod_ultactualizacionpor integer NOT NULL,
    cod_creadopor integer NOT NULL,
    fec_creacion timestamp without time zone
);


ALTER TABLE sgrt.tsgrtnota OWNER TO suite;

--
-- Name: tsgrtplantillacorreos; Type: TABLE; Schema: sgrt; Owner: suite
--

CREATE TABLE sgrt.tsgrtplantillacorreos (
    cod_plantillacorreo integer DEFAULT nextval('sgrt.seq_plantillacorreo'::regclass) NOT NULL,
    des_nombre character varying(32) NOT NULL,
    des_notas text,
    cod_tipodestinario sgrt.destinatario DEFAULT 'USR'::sgrt.destinatario,
    cod_sistemasuite integer NOT NULL,
    fec_ultactualizacion timestamp without time zone,
    cod_ultactualizacionpor integer NOT NULL,
    cod_creadopor integer NOT NULL,
    fec_creacion timestamp without time zone,
    des_asunto character varying(45),
    des_cuerpo character varying(255)
);


ALTER TABLE sgrt.tsgrtplantillacorreos OWNER TO suite;

--
-- Name: tsgrtprioridad; Type: TABLE; Schema: sgrt; Owner: suite
--

CREATE TABLE sgrt.tsgrtprioridad (
    cod_prioridad integer DEFAULT nextval('sgrt.seq_prioridad'::regclass) NOT NULL,
    des_nombre character varying(60) NOT NULL,
    des_descripcion character varying(30) NOT NULL,
    cod_color character varying(7) NOT NULL,
    cnu_valprioridad smallint NOT NULL,
    cnu_publica smallint NOT NULL,
    cod_sistemasuite integer NOT NULL,
    fec_ultactualizacion timestamp without time zone,
    cod_ultactualizacionpor integer NOT NULL,
    cod_creadopor integer NOT NULL,
    fec_creacion timestamp without time zone
);


ALTER TABLE sgrt.tsgrtprioridad OWNER TO suite;

--
-- Name: tsgrtresppredefinida; Type: TABLE; Schema: sgrt; Owner: suite
--

CREATE TABLE sgrt.tsgrtresppredefinida (
    cod_respuesta integer DEFAULT nextval('sgrt.seq_resp'::regclass) NOT NULL,
    cod_depto integer NOT NULL,
    cnu_activo smallint NOT NULL,
    des_titulo character varying(125) NOT NULL,
    des_respuesta text NOT NULL,
    cod_sistemasuite integer NOT NULL,
    fec_ultactualizacion timestamp without time zone,
    cod_ultactualizacionpor integer NOT NULL,
    cod_creadopor integer NOT NULL,
    fec_creacion timestamp without time zone
);


ALTER TABLE sgrt.tsgrtresppredefinida OWNER TO suite;

--
-- Name: tsgrtrespuesta; Type: TABLE; Schema: sgrt; Owner: suite
--

CREATE TABLE sgrt.tsgrtrespuesta (
    cod_respuesta integer DEFAULT nextval('sgrt.seq_respuesta'::regclass) NOT NULL,
    cod_mensaje integer NOT NULL,
    cod_ticket integer NOT NULL,
    cod_empleado integer NOT NULL,
    des_respuesta text NOT NULL,
    cod_sistemasuite integer NOT NULL,
    fec_ultactualizacion timestamp without time zone,
    cod_ultactualizacionpor integer NOT NULL,
    cod_creadopor integer NOT NULL,
    fec_creacion timestamp without time zone
);


ALTER TABLE sgrt.tsgrtrespuesta OWNER TO suite;

--
-- Name: tsgrtreuniones; Type: TABLE; Schema: sgrt; Owner: suite
--

CREATE TABLE sgrt.tsgrtreuniones (
    cod_reunion integer DEFAULT nextval('sgrt.seq_reunion'::regclass) NOT NULL,
    des_nombre character varying(45) NOT NULL,
    fec_fecha date NOT NULL,
    des_objetivo character varying(700) NOT NULL,
    cod_lugar integer NOT NULL,
    cod_responsable integer NOT NULL,
    cod_proximareunion integer,
    cod_creadorreunion integer NOT NULL,
    tim_duracion time without time zone,
    tim_hora time without time zone
);


ALTER TABLE sgrt.tsgrtreuniones OWNER TO suite;

--
-- Name: tsgrtservicios; Type: TABLE; Schema: sgrt; Owner: suite
--

CREATE TABLE sgrt.tsgrtservicios (
    cod_servicio integer DEFAULT nextval('sgrt.seq_servicio'::regclass) NOT NULL,
    des_nombre_servicio character varying(45) NOT NULL,
    des_descripcion character varying(100) NOT NULL,
    fec_contratacion date NOT NULL
);


ALTER TABLE sgrt.tsgrtservicios OWNER TO suite;

--
-- Name: tsgrtsolicitudservicios; Type: TABLE; Schema: sgrt; Owner: suite
--

CREATE TABLE sgrt.tsgrtsolicitudservicios (
    cod_solicitud integer DEFAULT nextval('sgrt.seq_solicitud'::regclass) NOT NULL,
    cod_empleado integer NOT NULL,
    cod_ticket integer NOT NULL,
    cod_servicio integer NOT NULL
);


ALTER TABLE sgrt.tsgrtsolicitudservicios OWNER TO suite;

--
-- Name: tsgrtticket; Type: TABLE; Schema: sgrt; Owner: suite
--

CREATE TABLE sgrt.tsgrtticket (
    cod_ticket integer DEFAULT nextval('sgrt.seq_ticket'::regclass) NOT NULL,
    des_folio character varying(45) NOT NULL,
    cod_reunion integer,
    cod_acuerdo integer,
    cod_responsable integer,
    cod_validador integer,
    cod_depto integer NOT NULL,
    cod_prioridad smallint NOT NULL,
    cod_topico integer NOT NULL,
    cod_empleado integer NOT NULL,
    des_correo character varying(50) NOT NULL,
    des_nombre character varying(50) NOT NULL,
    des_tema character varying(64) DEFAULT '[Sin Asunto]'::character varying NOT NULL,
    des_temaayuda character varying(255) DEFAULT NULL::character varying,
    cod_telefono character varying(16) DEFAULT NULL::character varying,
    cod_extension character varying(8) DEFAULT NULL::character varying,
    cod_estadot sgrt.edoticket DEFAULT 'Abierto'::sgrt.edoticket NOT NULL,
    cod_origent sgrt.origencontac DEFAULT 'Otro'::sgrt.origencontac NOT NULL,
    cnu_expirado smallint NOT NULL,
    cnu_atendido smallint NOT NULL,
    fec_exp timestamp without time zone,
    fec_reap timestamp without time zone,
    fec_cierre timestamp without time zone,
    fec_ultimomsg timestamp without time zone,
    fec_ultimaresp timestamp without time zone,
    cod_sistemasuite integer DEFAULT 1 NOT NULL,
    fec_ultactualizacion timestamp without time zone,
    cod_ultactualizacionpor integer NOT NULL,
    cod_creadopor integer NOT NULL,
    fec_creacion timestamp without time zone,
    cod_ejecutor integer
);


ALTER TABLE sgrt.tsgrtticket OWNER TO suite;

--
-- Name: seq_aceptaciones; Type: SEQUENCE; Schema: sisat; Owner: suite
--

CREATE SEQUENCE sisat.seq_aceptaciones
    START WITH 1
    INCREMENT BY 1
    NO MINVALUE
    NO MAXVALUE
    CACHE 1;


ALTER TABLE sisat.seq_aceptaciones OWNER TO suite;

--
-- Name: seq_asignaciones; Type: SEQUENCE; Schema: sisat; Owner: suite
--

CREATE SEQUENCE sisat.seq_asignaciones
    START WITH 1
    INCREMENT BY 1
    NO MINVALUE
    NO MAXVALUE
    CACHE 1;


ALTER TABLE sisat.seq_asignaciones OWNER TO suite;

--
-- Name: seq_candidatos; Type: SEQUENCE; Schema: sisat; Owner: suite
--

CREATE SEQUENCE sisat.seq_candidatos
    START WITH 1
    INCREMENT BY 1
    NO MINVALUE
    NO MAXVALUE
    CACHE 1;


ALTER TABLE sisat.seq_candidatos OWNER TO suite;

--
-- Name: seq_cartaasignaciones; Type: SEQUENCE; Schema: sisat; Owner: suite
--

CREATE SEQUENCE sisat.seq_cartaasignaciones
    START WITH 1
    INCREMENT BY 1
    NO MINVALUE
    NO MAXVALUE
    CACHE 1;


ALTER TABLE sisat.seq_cartaasignaciones OWNER TO suite;

--
-- Name: seq_cotizaciones; Type: SEQUENCE; Schema: sisat; Owner: suite
--

CREATE SEQUENCE sisat.seq_cotizaciones
    START WITH 1
    INCREMENT BY 1
    NO MINVALUE
    NO MAXVALUE
    CACHE 1;


ALTER TABLE sisat.seq_cotizaciones OWNER TO suite;

--
-- Name: seq_cursos; Type: SEQUENCE; Schema: sisat; Owner: suite
--

CREATE SEQUENCE sisat.seq_cursos
    START WITH 1
    INCREMENT BY 1
    NO MINVALUE
    NO MAXVALUE
    CACHE 1;


ALTER TABLE sisat.seq_cursos OWNER TO suite;

--
-- Name: seq_entrevistas; Type: SEQUENCE; Schema: sisat; Owner: suite
--

CREATE SEQUENCE sisat.seq_entrevistas
    START WITH 1
    INCREMENT BY 1
    NO MINVALUE
    NO MAXVALUE
    CACHE 1;


ALTER TABLE sisat.seq_entrevistas OWNER TO suite;

--
-- Name: seq_envios; Type: SEQUENCE; Schema: sisat; Owner: suite
--

CREATE SEQUENCE sisat.seq_envios
    START WITH 1
    INCREMENT BY 1
    NO MINVALUE
    NO MAXVALUE
    CACHE 1;


ALTER TABLE sisat.seq_envios OWNER TO suite;

--
-- Name: seq_escolaridad; Type: SEQUENCE; Schema: sisat; Owner: suite
--

CREATE SEQUENCE sisat.seq_escolaridad
    START WITH 1
    INCREMENT BY 1
    NO MINVALUE
    NO MAXVALUE
    CACHE 1;


ALTER TABLE sisat.seq_escolaridad OWNER TO suite;

--
-- Name: seq_experiencias; Type: SEQUENCE; Schema: sisat; Owner: suite
--

CREATE SEQUENCE sisat.seq_experiencias
    START WITH 1
    INCREMENT BY 1
    NO MINVALUE
    NO MAXVALUE
    CACHE 1;


ALTER TABLE sisat.seq_experiencias OWNER TO suite;

--
-- Name: seq_firmas; Type: SEQUENCE; Schema: sisat; Owner: suite
--

CREATE SEQUENCE sisat.seq_firmas
    START WITH 1
    INCREMENT BY 1
    NO MINVALUE
    NO MAXVALUE
    CACHE 1;


ALTER TABLE sisat.seq_firmas OWNER TO suite;

--
-- Name: seq_habilidades; Type: SEQUENCE; Schema: sisat; Owner: suite
--

CREATE SEQUENCE sisat.seq_habilidades
    START WITH 1
    INCREMENT BY 1
    NO MINVALUE
    NO MAXVALUE
    CACHE 1;


ALTER TABLE sisat.seq_habilidades OWNER TO suite;

--
-- Name: seq_idiomas; Type: SEQUENCE; Schema: sisat; Owner: suite
--

CREATE SEQUENCE sisat.seq_idiomas
    START WITH 1
    INCREMENT BY 1
    NO MINVALUE
    NO MAXVALUE
    CACHE 1;


ALTER TABLE sisat.seq_idiomas OWNER TO suite;

--
-- Name: seq_ordenservicios; Type: SEQUENCE; Schema: sisat; Owner: suite
--

CREATE SEQUENCE sisat.seq_ordenservicios
    START WITH 1
    INCREMENT BY 1
    NO MINVALUE
    NO MAXVALUE
    CACHE 1;


ALTER TABLE sisat.seq_ordenservicios OWNER TO suite;

--
-- Name: seq_prospectos; Type: SEQUENCE; Schema: sisat; Owner: suite
--

CREATE SEQUENCE sisat.seq_prospectos
    START WITH 1
    INCREMENT BY 1
    NO MINVALUE
    NO MAXVALUE
    CACHE 1;


ALTER TABLE sisat.seq_prospectos OWNER TO suite;

--
-- Name: seq_proyectos; Type: SEQUENCE; Schema: sisat; Owner: suite
--

CREATE SEQUENCE sisat.seq_proyectos
    START WITH 1
    INCREMENT BY 1
    NO MINVALUE
    NO MAXVALUE
    CACHE 1;


ALTER TABLE sisat.seq_proyectos OWNER TO suite;

--
-- Name: seq_vacantes; Type: SEQUENCE; Schema: sisat; Owner: suite
--

CREATE SEQUENCE sisat.seq_vacantes
    START WITH 1
    INCREMENT BY 1
    NO MINVALUE
    NO MAXVALUE
    CACHE 1;


ALTER TABLE sisat.seq_vacantes OWNER TO suite;

--
-- Name: tsisatasignaciones; Type: TABLE; Schema: sisat; Owner: suite
--

CREATE TABLE sisat.tsisatasignaciones (
    cod_asignacion integer DEFAULT nextval('sisat.seq_asignaciones'::regclass) NOT NULL,
    cod_prospecto integer NOT NULL,
    cod_perfil integer NOT NULL,
    cod_cliente integer NOT NULL,
    des_correocte character varying(40) NOT NULL,
    cod_telefonocte character varying(16) NOT NULL,
    des_direccioncte character varying(200),
    cod_empleado integer,
    cod_creadopor integer NOT NULL,
    cod_modificadopor integer NOT NULL,
    fec_creacion date NOT NULL,
    fec_modificacion date NOT NULL
);


ALTER TABLE sisat.tsisatasignaciones OWNER TO suite;

--
-- Name: tsisatcandidatos; Type: TABLE; Schema: sisat; Owner: suite
--

CREATE TABLE sisat.tsisatcandidatos (
    cod_candidato integer DEFAULT nextval('sisat.seq_candidatos'::regclass) NOT NULL,
    des_nombre character varying(50) NOT NULL,
    cod_perfil integer NOT NULL,
    imp_sueldo numeric(6,2),
    imp_sueldodia numeric(6,2),
    imp_nominaimss numeric(6,2),
    imp_honorarios numeric(6,2),
    imp_cargasocial numeric(6,2),
    imp_prestaciones numeric(6,2),
    imp_viaticos numeric(6,2),
    imp_subtotalcandidato numeric(6,2),
    imp_costoadmin numeric(6,2),
    cnu_financiamiento smallint,
    imp_isr numeric(6,2),
    imp_financiamiento numeric(6,2),
    imp_adicionales numeric(6,2),
    imp_subtotaladmin1 numeric(6,2),
    imp_comisiones numeric(6,2),
    imp_otrosgastos numeric(6,2),
    imp_subtotaladmin2 numeric(6,2),
    imp_total numeric(6,2),
    imp_iva numeric(6,2),
    por_utilidad numeric(4,2),
    imp_utilidad numeric(6,2),
    imp_tarifa numeric(6,2)
);


ALTER TABLE sisat.tsisatcandidatos OWNER TO suite;

--
-- Name: tsisatcartaaceptacion; Type: TABLE; Schema: sisat; Owner: suite
--

CREATE TABLE sisat.tsisatcartaaceptacion (
    cod_aceptacion integer DEFAULT nextval('sisat.seq_aceptaciones'::regclass) NOT NULL,
    des_objetivo character varying(200) NOT NULL,
    txt_oferta text,
    des_esquema character varying(30) NOT NULL,
    tim_jornada time without time zone,
    txt_especificaciones text,
    cod_creadopor integer NOT NULL,
    cod_modificadopor integer NOT NULL,
    fec_creacion date NOT NULL,
    fec_modificacion date NOT NULL
);


ALTER TABLE sisat.tsisatcartaaceptacion OWNER TO suite;

--
-- Name: tsisatcartaasignacion; Type: TABLE; Schema: sisat; Owner: suite
--

CREATE TABLE sisat.tsisatcartaasignacion (
    cod_asignacion integer DEFAULT nextval('sisat.seq_cartaasignaciones'::regclass) NOT NULL,
    cod_prospecto integer NOT NULL,
    cod_perfil integer NOT NULL,
    des_actividades character varying(200),
    des_lugarsalida character varying(100),
    des_lugarllegada character varying(100),
    fec_salida date,
    fec_llegada date,
    cod_transporte character varying(20),
    des_lugarhopedaje character varying(60),
    fec_hospedaje date,
    des_computadora character varying(150),
    cod_telefono character varying(16),
    des_accesorios character varying(150),
    des_nbresponsable character varying(50),
    des_nbpuesto character varying(50),
    des_lugarresp character varying(100),
    cod_telefonoresp character varying(16),
    tim_horario time without time zone,
    fec_iniciocontra date,
    fec_terminocontra date,
    imp_sueldomensual numeric(6,2),
    imp_nominaimss numeric(6,2),
    imp_honorarios numeric(6,2),
    imp_otros numeric(6,2),
    cod_rfc character varying(13),
    des_razonsocial character varying(45),
    des_correo character varying(50),
    cod_cpostal integer,
    des_direccionfact character varying(200),
    cod_cliente integer NOT NULL,
    cod_gpy integer,
    cod_rhta integer,
    cod_ape integer,
    cod_rys integer,
    cod_creadopor integer NOT NULL,
    cod_modificadopor integer NOT NULL,
    fec_creacion date NOT NULL,
    fec_modificacion date NOT NULL
);


ALTER TABLE sisat.tsisatcartaasignacion OWNER TO suite;

--
-- Name: tsisatcotizaciones; Type: TABLE; Schema: sisat; Owner: suite
--

CREATE TABLE sisat.tsisatcotizaciones (
    cod_cotizacion integer DEFAULT nextval('sisat.seq_cotizaciones'::regclass) NOT NULL,
    des_nbciudad character varying(20),
    des_nbestado character varying(20),
    fec_fecha date,
    des_nbcontacto character varying(50),
    cod_puesto integer,
    des_compania character varying(50),
    des_nbservicio character varying(50),
    cnu_cantidad smallint,
    txt_concepto text,
    imp_inversionhr numeric(6,2),
    txt_condicionescomer text,
    des_nbatentamente character varying(60),
    des_correoatentamente character varying(50),
    cod_creadopor integer NOT NULL,
    cod_modificadopor integer NOT NULL,
    fec_creacion date NOT NULL,
    fec_modificacion date NOT NULL
);


ALTER TABLE sisat.tsisatcotizaciones OWNER TO suite;

--
-- Name: tsisatcursosycerticados; Type: TABLE; Schema: sisat; Owner: suite
--

CREATE TABLE sisat.tsisatcursosycerticados (
    cod_curso integer DEFAULT nextval('sisat.seq_cursos'::regclass) NOT NULL,
    cod_prospecto integer NOT NULL,
    des_curso character varying(100) NOT NULL,
    des_institucion character varying(70) NOT NULL,
    fec_termino date NOT NULL
);


ALTER TABLE sisat.tsisatcursosycerticados OWNER TO suite;

--
-- Name: tsisatentrevistas; Type: TABLE; Schema: sisat; Owner: suite
--

CREATE TABLE sisat.tsisatentrevistas (
    cod_entrevista integer DEFAULT nextval('sisat.seq_entrevistas'::regclass) NOT NULL,
    des_nbentrevistador character varying(90) NOT NULL,
    des_puesto character varying(50) NOT NULL,
    des_correoent character varying(40) NOT NULL,
    cod_telefonoent character varying(16) NOT NULL,
    des_direccionent character varying(200),
    tim_horarioent time without time zone,
    fec_fechaent date NOT NULL,
    cod_creadopor integer NOT NULL,
    cod_modificadopor integer NOT NULL,
    fec_creacion date NOT NULL,
    fec_modificacion date NOT NULL
);


ALTER TABLE sisat.tsisatentrevistas OWNER TO suite;

--
-- Name: tsisatenviocorreos; Type: TABLE; Schema: sisat; Owner: suite
--

CREATE TABLE sisat.tsisatenviocorreos (
    cod_envio integer DEFAULT nextval('sisat.seq_envios'::regclass) NOT NULL,
    des_destinatario character varying(90) NOT NULL,
    des_asunto character varying(50) NOT NULL,
    des_mensaje character varying(200) NOT NULL,
    bin_adjunto bytea,
    cod_creadopor integer NOT NULL,
    cod_modificadopor integer NOT NULL,
    fec_creacion date NOT NULL,
    fec_modificacion date NOT NULL
);


ALTER TABLE sisat.tsisatenviocorreos OWNER TO suite;

--
-- Name: tsisatescolaridad; Type: TABLE; Schema: sisat; Owner: suite
--

CREATE TABLE sisat.tsisatescolaridad (
    cod_escolaridad integer DEFAULT nextval('sisat.seq_escolaridad'::regclass) NOT NULL,
    cod_prospecto integer NOT NULL,
    des_escolaridad character varying(45) NOT NULL,
    des_escuela character varying(70) NOT NULL,
    fec_inicio date NOT NULL,
    fec_termino date NOT NULL,
    cod_estatus character varying(20)
);


ALTER TABLE sisat.tsisatescolaridad OWNER TO suite;

--
-- Name: tsisatexperienciaslaborales; Type: TABLE; Schema: sisat; Owner: suite
--

CREATE TABLE sisat.tsisatexperienciaslaborales (
    cod_experiencia integer DEFAULT nextval('sisat.seq_experiencias'::regclass) NOT NULL,
    cod_prospecto integer NOT NULL,
    des_empresa character varying(50) NOT NULL,
    des_puesto character varying(40) NOT NULL,
    fec_inicio date,
    fec_termino date,
    des_ubicacion character varying(70),
    txt_funciones text,
    des_nbcliente character varying(70),
    des_proyecto character varying(70),
    txt_logros character varying(300)
);


ALTER TABLE sisat.tsisatexperienciaslaborales OWNER TO suite;

--
-- Name: tsisatfirmas; Type: TABLE; Schema: sisat; Owner: suite
--

CREATE TABLE sisat.tsisatfirmas (
    cod_firma integer DEFAULT nextval('sisat.seq_firmas'::regclass) NOT NULL,
    cod_solicita integer,
    cod_puestosolicita integer,
    cod_autoriza integer,
    cod_puestoautoriza integer,
    cod_contratacion integer NOT NULL,
    cod_creadopor integer NOT NULL,
    cod_modificadopor integer NOT NULL,
    fec_creacion date NOT NULL,
    fec_modificacion date NOT NULL
);


ALTER TABLE sisat.tsisatfirmas OWNER TO suite;

--
-- Name: tsisathabilidades; Type: TABLE; Schema: sisat; Owner: suite
--

CREATE TABLE sisat.tsisathabilidades (
    cod_habilidad integer DEFAULT nextval('sisat.seq_habilidades'::regclass) NOT NULL,
    cod_prospecto integer NOT NULL,
    des_habilidad1 character varying(50),
    des_habilidad2 character varying(50),
    des_habilidad3 character varying(50),
    des_habilidad4 character varying(50),
    des_habilidad5 character varying(50),
    des_habilidad6 character varying(50),
    des_habilidad7 character varying(50),
    des_habilidad8 character varying(50),
    des_habilidad9 character varying(50),
    des_habilidad10 character varying(50),
    des_habilidad11 character varying(50),
    des_habilidad12 character varying(50),
    des_habilidad13 character varying(50),
    des_habilidad14 character varying(50),
    des_habilidad15 character varying(50),
    des_habilidad16 character varying(50),
    des_habilidad17 character varying(50),
    des_habilidad18 character varying(50),
    des_habilidad19 character varying(50),
    des_habilidad20 character varying(50),
    des_habilidad21 character varying(50),
    des_habilidad22 character varying(50),
    des_habilidad23 character varying(50),
    des_habilidad24 character varying(50),
    des_habilidad25 character varying(50),
    des_habilidad26 character varying(50),
    des_habilidad27 character varying(50),
    des_habilidad28 character varying(50),
    des_habilidad29 character varying(50),
    des_habilidad30 character varying(50),
    des_dominio1 integer DEFAULT 0,
    des_dominio2 integer DEFAULT 0,
    des_dominio3 integer DEFAULT 0,
    des_dominio4 integer DEFAULT 0,
    des_dominio5 integer DEFAULT 0,
    des_dominio6 integer DEFAULT 0,
    des_dominio7 integer DEFAULT 0,
    des_dominio8 integer DEFAULT 0,
    des_dominio9 integer DEFAULT 0,
    des_dominio10 integer DEFAULT 0,
    des_dominio11 integer DEFAULT 0,
    des_dominio12 integer DEFAULT 0,
    des_dominio13 integer DEFAULT 0,
    des_dominio14 integer DEFAULT 0,
    des_dominio15 integer DEFAULT 0,
    des_dominio16 integer DEFAULT 0,
    des_dominio17 integer DEFAULT 0,
    des_dominio18 integer DEFAULT 0,
    des_dominio19 integer DEFAULT 0,
    des_dominio20 integer DEFAULT 0,
    des_dominio21 integer DEFAULT 0,
    des_dominio22 integer DEFAULT 0,
    des_dominio23 integer DEFAULT 0,
    des_dominio24 integer DEFAULT 0,
    des_dominio25 integer DEFAULT 0,
    des_dominio26 integer DEFAULT 0,
    des_dominio27 integer DEFAULT 0,
    des_dominio28 integer DEFAULT 0,
    des_dominio29 integer DEFAULT 0,
    des_dominio30 integer DEFAULT 0
);


ALTER TABLE sisat.tsisathabilidades OWNER TO suite;

--
-- Name: tsisatidiomas; Type: TABLE; Schema: sisat; Owner: suite
--

CREATE TABLE sisat.tsisatidiomas (
    cod_idioma integer DEFAULT nextval('sisat.seq_idiomas'::regclass) NOT NULL,
    cod_prospecto integer NOT NULL,
    cod_nbidioma character varying(20) NOT NULL,
    cod_nivel character varying(20) NOT NULL,
    des_certificado character varying(40)
);


ALTER TABLE sisat.tsisatidiomas OWNER TO suite;

--
-- Name: tsisatordenservicio; Type: TABLE; Schema: sisat; Owner: suite
--

CREATE TABLE sisat.tsisatordenservicio (
    cod_ordenservicio integer DEFAULT nextval('sisat.seq_ordenservicios'::regclass) NOT NULL,
    cod_estadorep integer NOT NULL,
    cod_ciudad integer NOT NULL,
    fec_fecha date NOT NULL,
    des_nbcontacto character varying(50),
    cod_puesto integer,
    des_nbcompania character varying(50),
    des_nbservicio character varying(60),
    cnu_cantidad smallint,
    txt_concepto text,
    imp_inversionhr numeric(6,2),
    txt_condicionescomer text,
    des_ubcnconsultor character varying(100),
    fec_finservicio date,
    cod_gpy integer NOT NULL,
    des_correogpy character varying(50) NOT NULL,
    cod_cliente integer NOT NULL,
    des_correoclte character varying(50) NOT NULL,
    des_empresaclte character varying(50),
    cod_creadopor integer NOT NULL,
    cod_modificadopor integer NOT NULL,
    fec_creacion date NOT NULL,
    fec_modificacion date NOT NULL
);


ALTER TABLE sisat.tsisatordenservicio OWNER TO suite;

--
-- Name: tsisatprospectos; Type: TABLE; Schema: sisat; Owner: suite
--

CREATE TABLE sisat.tsisatprospectos (
    cod_prospecto integer DEFAULT nextval('sisat.seq_prospectos'::regclass) NOT NULL,
    des_nombre character varying(45) NOT NULL,
    des_nombres character varying(60),
    des_appaterno character varying(40) NOT NULL,
    des_apmaterno character varying(40),
    des_lugarnacimiento character varying(50) NOT NULL,
    fec_nacimiento date NOT NULL,
    cod_edad integer NOT NULL,
    cod_edocivil character varying(15) NOT NULL,
    des_nbpadre character varying(70),
    des_nbmadre character varying(70),
    cod_numhermanos integer,
    des_nbcalle character varying(60),
    cod_numcasa integer,
    des_colonia character varying(60),
    des_localidad character varying(60),
    des_municipio character varying(60),
    des_estado character varying(60),
    cod_cpostal integer,
    cod_tiposangre character varying(5),
    des_emailmbn character varying(40),
    des_emailpersonal character varying(40),
    des_pasatiempo character varying(200),
    cod_telefonocasa character varying(16) DEFAULT NULL::character varying,
    cod_telefonomovil character varying(16) DEFAULT NULL::character varying,
    cod_rfc character varying(13),
    cod_nss character varying(20),
    cod_curp character varying(18) NOT NULL,
    des_nacionalidad character varying(30),
    cod_administrador integer,
    fec_fechacoment date,
    txt_comentarios text,
    cod_creadopor integer NOT NULL,
    cod_modificadopor integer NOT NULL,
    fec_creacion date NOT NULL,
    fec_modificacion date NOT NULL
);


ALTER TABLE sisat.tsisatprospectos OWNER TO suite;

--
-- Name: tsisatproyectos; Type: TABLE; Schema: sisat; Owner: suite
--

CREATE TABLE sisat.tsisatproyectos (
    cod_proyecto integer DEFAULT nextval('sisat.seq_proyectos'::regclass) NOT NULL,
    cod_prospecto integer NOT NULL,
    cod_perfil integer NOT NULL,
    des_nbcliente character varying(50) NOT NULL,
    des_nbresponsable character varying(50) NOT NULL,
    des_correo character varying(50) NOT NULL,
    cod_telefono character varying(16) NOT NULL,
    des_direccion character varying(200) NOT NULL,
    cod_creadopor integer NOT NULL,
    cod_modificadopor integer NOT NULL,
    fec_creacion date NOT NULL,
    fec_modificacion date NOT NULL
);


ALTER TABLE sisat.tsisatproyectos OWNER TO suite;

--
-- Name: tsisatvacantes; Type: TABLE; Schema: sisat; Owner: suite
--

CREATE TABLE sisat.tsisatvacantes (
    cod_vacante integer DEFAULT nextval('sisat.seq_vacantes'::regclass) NOT NULL,
    des_rqvacante character varying(200) NOT NULL,
    cnu_anexperiencia smallint,
    txt_experiencia text,
    des_escolaridad character varying(50),
    txt_herramientas text,
    txt_habilidades text,
    des_lugartrabajo character varying(100),
    imp_sueldo numeric(6,2),
    cod_creadopor integer NOT NULL,
    cod_modificadopor integer NOT NULL,
    fec_creacion date NOT NULL,
    fec_modificacion date NOT NULL
);


ALTER TABLE sisat.tsisatvacantes OWNER TO suite;

--
-- Data for Name: tsgcosistemas; Type: TABLE DATA; Schema: sgco; Owner: suite
--

COPY sgco.tsgcosistemas (cod_sistema, des_nbsistema, des_descripcion) FROM stdin;
\.


--
-- Data for Name: tsgcotipousuario; Type: TABLE DATA; Schema: sgco; Owner: suite
--

COPY sgco.tsgcotipousuario (cod_tipousuario, cod_usuario, cod_sistema, cod_rol) FROM stdin;
\.


--
-- Data for Name: tsgcousuarios; Type: TABLE DATA; Schema: sgco; Owner: suite
--

COPY sgco.tsgcousuarios (cod_usuario, cod_empleado, des_correo, des_contrasenacorreo, cod_usuariosistema, des_contrasenasistema) FROM stdin;
2	11	adrian.suarez@gmail.com	123456789	adrian_suarez	123456789
3	12	carlos.antonio@gmail.com	abcdefg	carlos_antonio	abcdefg
4	13	angel.roano@gmail.com	123456	angel_roano	123456
1	10	mateorj96@gmail.com	143100365m@teorj96	mateorj96	root
\.


--
-- Data for Name: tsgrhareas; Type: TABLE DATA; Schema: sgrh; Owner: suite
--

COPY sgrh.tsgrhareas (cod_area, des_nbarea, cod_acronimo, cnu_activo, cod_sistemasuite) FROM stdin;
1	BASE DE DATOS	DB	t	\N
2	FABRICA DE SOFTWARE	FS	t	\N
3	DISEÑO	DS	t	\N
4	SOPORTE TECNICO	ST	t	\N
5	RECURSOS HUMANOS	RH	t	\N
\.


--
-- Data for Name: tsgrhcapacitaciones; Type: TABLE DATA; Schema: sgrh; Owner: suite
--

COPY sgrh.tsgrhcapacitaciones (cod_capacitacion, cod_empleado, cod_tipocurso, des_nbcurso, des_organismo, fec_termino, des_duracion, bin_documento) FROM stdin;
\.


--
-- Data for Name: tsgrhcartaasignacion; Type: TABLE DATA; Schema: sgrh; Owner: suite
--

COPY sgrh.tsgrhcartaasignacion (cod_asignacion, cod_empleado, cod_perfil, des_actividades, des_lugarsalida, des_lugarllegada, fec_salida, fec_llegada, cod_transporte, des_lugarhopedaje, fec_hospedaje, des_computadora, cod_telefono, des_accesorios, des_nbresponsable, des_nbpuesto, des_lugarresp, cod_telefonoresp, tim_horario, fec_iniciocontra, fec_terminocontra, imp_sueldomensual, imp_nominaimss, imp_honorarios, imp_otros, cod_rfc, des_razonsocial, des_correo, cod_cpostal, des_direccionfact, cod_cliente, cod_gpy, cod_rhta, cod_ape, cod_rys, cod_creadopor, cod_modificadopor, fec_creacion, fec_modificacion) FROM stdin;
\.


--
-- Data for Name: tsgrhcatrespuestas; Type: TABLE DATA; Schema: sgrh; Owner: suite
--

COPY sgrh.tsgrhcatrespuestas (cod_catrespuesta, des_respuesta, cod_ponderacion) FROM stdin;
1	Nunca	1
2	Algunas veces	2
3	Regular	3
4	Con frecuencia	4
5	Siempre	5
6	Muy malo	1
7	Malo	2
8	Bueno	4
9	Muy bueno	5
10	Muy bajo	1
11	Bajo	2
12	Alto	3
13	Muy alto	4
14	Muy incómodo	1
15	Incómodo	2
16	Soportable	3
17	Confortable	4
18	Muy confortable	5
\.


--
-- Data for Name: tsgrhclientes; Type: TABLE DATA; Schema: sgrh; Owner: suite
--

COPY sgrh.tsgrhclientes (cod_cliente, des_nbcliente, des_direccioncte, des_nbcontactocte, des_correocte, cod_telefonocte) FROM stdin;
\.


--
-- Data for Name: tsgrhcontrataciones; Type: TABLE DATA; Schema: sgrh; Owner: suite
--

COPY sgrh.tsgrhcontrataciones (cod_contratacion, fec_inicio, fec_termino, des_esquema, cod_salarioestmin, cod_salarioestmax, tim_jornada, cod_creadopor, cod_modificadopor, fec_creacion, fec_modificacion) FROM stdin;
\.


--
-- Data for Name: tsgrhcontratos; Type: TABLE DATA; Schema: sgrh; Owner: suite
--

COPY sgrh.tsgrhcontratos (cod_contrato, des_nbconsultor, des_appaterno, des_apmaterno, cod_creadopor, cod_modificadopor, fec_creacion, fec_modificacion) FROM stdin;
\.


--
-- Data for Name: tsgrhempleados; Type: TABLE DATA; Schema: sgrh; Owner: suite
--

COPY sgrh.tsgrhempleados (cod_empleado, des_nombre, des_nombres, des_apepaterno, des_apematerno, des_direccion, fec_nacimiento, des_lugarnacimiento, cod_edad, des_correo, cod_tiposangre, cod_telefonocasa, cod_telefonocelular, cod_telemergencia, bin_identificacion, bin_pasaporte, bin_visa, cod_licenciamanejo, fec_ingreso, cod_rfc, cod_nss, cod_curp, bin_foto, cod_tipofoto, cod_extensionfoto, cod_empleadoactivo, cod_estatusempleado, cod_estadocivil, cod_rol, cod_puesto, cod_diasvacaciones, cod_sistemasuite, fec_creacion, fec_modificacion, cod_creadopor, cod_modificadopor, cod_area) FROM stdin;
10	MATEO	\N	RODRIGUEZ	JUAREZ	DOMICILIO CONOCIDO	1996-04-09	MECATLAN, VER.	23	mateorj96@gmail.com	O+	\N	\N	\N	\N	\N	\N	\N	2018-02-14	\N	\N	ROJM960409HPZDAT22	\N	\N	\N	t	1	0	\N	\N	\N	\N	2018-12-01	2018-12-01	\N	\N	1
11	ADRIAN	\N	SUAREZ	DE LA CRUZ	DOMICILIO CONOCIDO	1996-06-14	AHUACATLAN, PUE.	23	adrian.suarezc@gmail.com	O+	\N	\N	\N	\N	\N	\N	\N	2018-02-14	\N	\N	SDCA960614HPZDBT23	\N	\N	\N	t	1	0	\N	\N	\N	\N	2018-12-01	2018-12-01	10	\N	1
12	CARLOS	\N	ANTONIO	TRINIDAD	DOMICILIO CONOCIDO	1996-03-12	AHUACATLAN, PUE.	23	trinidad.carlos@gmail.com	O+	\N	\N	\N	\N	\N	\N	\N	2018-02-14	\N	\N	ANTC960312HPZDCT24	\N	\N	\N	t	1	0	\N	\N	\N	\N	2018-12-01	2018-12-01	10	\N	1
13	ANGEL	ANTONIO	ROANO	ALVARADO	DOMICILIO CONOCIDO	1995-02-19	TETELA, PUE.	23	angel.antonio.roa@gmail.com	O+	\N	\N	\N	\N	\N	\N	\N	2018-02-14	\N	\N	ROAA950219HPZDDT25	\N	\N	\N	t	1	0	\N	\N	\N	\N	2018-12-01	2018-12-01	10	\N	1
14	JUAN		MARQUEZ	SAVEDO	DOMICILIO CONOCIDO	1995-02-12	APIZACO, TLAX	23	maito1.example@gmail.com	O-				\N	\N	\N		2019-02-14			MASJ950212HPZDET26	\N			t	1	0	\N	\N	\N	\N	2019-02-14	2019-02-14	10	\N	1
15	ANTONIO		HERRERA	CHAVEZ	DOMICILIO CONOCIDO	1995-02-20	TLAXCALA, TLAX	23	maito2.example@gmail.com	O-				\N	\N	\N		2019-02-14			HECA950220HPZDFT27	\N			t	1	0	\N	\N	\N	\N	2019-02-14	2019-02-14	10	\N	2
16	JAVIER		CHICHARITO	HERNANDEZ	DOMICILIO CONOCIDO	1995-02-21	AHUCATLAN, PUE.	23	maito3.example@gmail.com	O-				\N	\N	\N		2019-02-14			CHHJ950221HPZDGT28	\N			t	1	0	\N	\N	\N	\N	2019-02-14	2019-02-14	10	\N	2
17	MANUEL		GONZALEZ	PEREZ	DOMICILIO CONOCIDO	1995-02-22	TEPANGO PUE.	23	maito4.example@gmail.com	O-				\N	\N	\N		2019-02-14			GOPM950222HPZDHT29	\N			t	1	0	\N	\N	\N	\N	2019-02-14	2019-02-14	10	\N	2
18	SERGIO		RAMOS	FLORES	DOMICILIO CONOCIDO	1995-03-01	ZAPOTITLAN, PUE.	23	maito5.example@gmail.com	B+				\N	\N	\N		2019-02-14			RAFS950301HPZDIT30	\N			t	1	0	\N	\N	\N	\N	2019-02-14	2019-02-14	10	\N	2
19	CARINE		BENZEMA	ALVAREZ	DOMICILIO CONOCIDO	1995-03-02	AQUIXTLA, PUE.	23	maito6.example@gmail.com	B+				\N	\N	\N		2019-02-14			BEAC950302HPZDJT31	\N			t	1	0	\N	\N	\N	\N	2019-02-14	2019-02-14	10	\N	2
20	CAROLINA		JIMENEZ	VAZQUEZ	DOMICILIO CONOCIDO	1995-03-03	ZACATLAN, PUE.	23	maito7.example@gmail.com	B+				\N	\N	\N		2019-02-14			JIVC950303HPZDKT32	\N			t	1	0	\N	\N	\N	\N	2019-02-14	2019-02-14	10	\N	3
21	VERONICA		SANCHEZ	TRINIDAD	DOMICILIO CONOCIDO	1995-03-04	CHIGNAHUAPAN, PUE.	23	maito8.example@gmail.com	B+				\N	\N	\N		2019-02-14			SATV950304HPZDLT33	\N			t	1	0	\N	\N	\N	\N	2019-02-14	2019-02-14	10	\N	3
22	HEIDY		TRINIDAD	MORELOS	DOMICILIO CONOCIDO	1995-03-05	TLAXCO, TLAX.	23	maito9.example@gmail.com	A+				\N	\N	\N		2019-02-14			TRMH950305HPZDMT34	\N			t	1	0	\N	\N	\N	\N	2019-02-14	2019-02-14	10	\N	3
23	JESUS	MIGUEL	VELAZCO	MARQUEZ	DOMICILIO CONOCIDO	1995-03-06	POZA RICA, VER.	23	maito10.example@gmail.com	A+				\N	\N	\N		2019-02-14			MVMJ950306HPZDNT35	\N			t	1	0	\N	\N	\N	\N	2019-02-14	2019-02-14	10	\N	3
24	RAUL		ESPINOZA	MARTINEZ	DOMICILIO CONOCIDO	1995-03-07	XALAPA, VER.	23	maito11.example@gmail.com	A+				\N	\N	\N		2019-02-14			ESMR950307HPZDOT36	\N			t	1	0	\N	\N	\N	\N	2019-02-14	2019-02-14	10	\N	3
25	JOSE	EDUARDO	TRINIDAD	MORELOS	DOMICILIO CONOCIDO	1995-03-08	COAHUILA, COAH.	23	maito12.example@gmail.com	A+				\N	\N	\N		2019-02-14			ETMJ950308HPZDPT37	\N			t	1	0	\N	\N	\N	\N	2019-02-14	2019-02-14	10	\N	4
26	SARAHI		GONZALEZ	SUAREZ	DOMICILIO CONOCIDO	1995-03-09	HUACHINANGO, PUE.	23	maito13.example@gmail.com	A+				\N	\N	\N		2019-02-14			GOSS950309HPZDQT38	\N			t	1	0	\N	\N	\N	\N	2019-02-14	2019-02-14	10	\N	4
27	FEDERICO		GUZMAN	TRINIDAD	DOMICILIO CONOCIDO	1995-03-10	TULANCINGO, HID.	23	maito14.example@gmail.com	A+				\N	\N	\N		2019-02-14			GUTF950310HPZDRT39	\N			t	1	0	\N	\N	\N	\N	2019-02-14	2019-02-14	10	\N	4
28	JOSE	IVAN	VACILIO	SANCHEZ	DOMICILIO CONOCIDO	1995-03-11	XOXONANCATLA, PUE.	23	maito15.example@gmail.com	B-				\N	\N	\N		2019-02-14			IVSJ950311HPZDTT40	\N			t	1	0	\N	\N	\N	\N	2019-02-14	2019-02-14	10	\N	4
29	ERICA		ESPINOZA	CANDELARIA	DOMICILIO CONOCIDO	1995-03-12	XICOTEPEC, PUE.	23	maito16.example@gmail.com	B-				\N	\N	\N		2019-02-14			ESCE950312HPZDUT41	\N			t	1	0	\N	\N	\N	\N	2019-02-14	2019-02-14	10	\N	5
30	ROBERTO		ORTEGA	ALVAREZ	DOMICILIO CONOCIDO	1995-03-13	JICOLAPA, PUE.	23	maito17.example@gmail.com	A-				\N	\N	\N		2019-02-14			ORAR950313HPZDVT42	\N			t	1	0	\N	\N	\N	\N	2019-02-14	2019-02-14	10	\N	5
31	CESARIO		TELLEZ	REYES	DOMICILIO CONOCIDO	1995-03-14	SANTA INES, PUE.	23	maito18.example@gmail.com	A-				\N	\N	\N		2019-02-14			TERC950314HPZDWT43	\N			t	1	0	\N	\N	\N	\N	2019-02-14	2019-02-14	10	\N	5
32	CARLOS	EFREN	SANCHEZ	JUAN	DOMICILIO CONOCIDO	1995-03-15	CHOLULA, PUE.	23	maito19.example@gmail.com	A-				\N	\N	\N		2019-02-14			ESJC950315HPZDXT44	\N			t	1	0	\N	\N	\N	\N	2019-02-14	2019-02-14	10	\N	5
33	JOSE		DE LOS SANTOS	TRINIDAD	DOMICILIO CONOCIDO	1995-03-16	DF, DF.	23	maito20.example@gmail.com	A-				\N	\N	\N		2019-02-14			DETJ950316HPZDYT45	\N			t	1	0	\N	\N	\N	\N	2019-02-14	2019-02-14	10	\N	5
34	FIDEL		SANCHEZ	VAZQUEZ	DOMICILIO CONOCIDO	1995-03-17	ZACATELCO, TLAX.	23	maito21.example@gmail.com	A-				\N	\N	\N		2019-02-14			SAVF950317HPZDZT46	\N			t	1	0	\N	\N	\N	\N	2019-02-14	2019-02-14	10	\N	5
\.


--
-- Data for Name: tsgrhencuesta; Type: TABLE DATA; Schema: sgrh; Owner: suite
--

COPY sgrh.tsgrhencuesta (cod_encuesta, des_nbencuesta, cod_edoencuesta, fec_fechaencuesta, cod_lugar, tim_duracion, des_elementosvalidar, des_defectos, des_introduccion, cod_aceptado, cod_edoeliminar, cod_creadopor, cod_modificadopor, fec_creacion, fec_modificacion, cod_area) FROM stdin;
5	ENCUESTA 00000001	Aceptado	2018-12-10	2	00:15:00	\N	\N	\N	t	f	10	10	2018-12-10	2018-12-10	5
6	ENCUESTA 00000002	Aceptado	2018-12-10	2	00:15:00	\N	\N	\N	t	f	10	10	2018-12-10	2018-12-10	5
8	ENCUESTA 00000004	Aceptado	2019-02-10	2	00:10:00	\N	\N	\N	t	f	10	10	2019-02-10	2019-02-10	1
9	ENCUESTA 00000005	Aceptado	2019-02-10	2	00:10:00	\N	\N	\N	t	f	10	10	2019-02-10	2019-02-10	1
10	ENCUESTA 00000006	Aceptado	2019-02-10	2	00:10:00	\N	\N	\N	t	f	10	10	2019-02-10	2019-02-10	1
11	ENCUESTA 00000007	Aceptado	2019-02-10	2	00:10:00	\N	\N	\N	t	f	10	10	2019-02-10	2019-02-10	1
12	ENCUESTA 00000008	Aceptado	2019-02-10	2	00:10:00	\N	\N	\N	t	f	10	10	2019-02-10	2019-02-10	1
13	ENCUESTA 00000009	Aceptado	2019-02-10	2	00:10:00	\N	\N	\N	t	f	10	10	2019-02-10	2019-02-10	2
14	ENCUESTA 00000010	Aceptado	2019-02-10	2	00:10:00	\N	\N	\N	t	f	10	10	2019-02-10	2019-02-10	2
15	ENCUESTA 00000011	Aceptado	2019-02-10	2	00:10:00	\N	\N	\N	t	f	10	10	2019-02-10	2019-02-10	2
16	ENCUESTA 00000012	Aceptado	2019-02-10	2	00:10:00	\N	\N	\N	t	f	10	10	2019-02-10	2019-02-10	2
7	ENCUESTA 00000003	Aceptado	2018-12-08	2	00:15:00	\N	\N	\N	t	f	10	10	2018-12-10	2019-02-15	1
\.


--
-- Data for Name: tsgrhencuesta_participantes; Type: TABLE DATA; Schema: sgrh; Owner: suite
--

COPY sgrh.tsgrhencuesta_participantes (cod_participantenc, cod_empleado, cod_encuesta, cod_pregunta, cod_respuesta, respuesta_abierta) FROM stdin;
1	29	5	82	477	\N
2	29	5	83	482	\N
3	29	5	84	488	\N
4	29	5	85	493	\N
5	29	5	86	498	\N
6	29	5	87	502	\N
7	29	5	88	507	\N
8	29	5	89	512	\N
9	29	5	90	516	\N
10	29	5	91	\N	
11	29	5	92	\N	
12	29	5	93	523	\N
13	29	5	94	528	\N
14	29	5	95	533	\N
15	29	5	97	\N	
16	29	5	98	539	\N
17	29	5	99	543	\N
18	29	5	100	548	\N
19	29	5	101	553	\N
20	29	5	102	557	\N
21	29	5	104	564	\N
22	29	5	105	568	\N
23	29	5	106	574	\N
24	30	5	82	477	\N
25	30	5	83	482	\N
26	30	5	84	489	\N
27	30	5	85	494	\N
28	30	5	86	498	\N
29	30	5	87	502	\N
30	30	5	88	507	\N
31	30	5	89	512	\N
32	30	5	90	515	\N
33	30	5	91	\N	
34	30	5	92	\N	
35	30	5	93	522	\N
36	30	5	94	529	\N
37	30	5	95	533	\N
38	30	5	97	\N	
39	30	5	98	539	\N
40	30	5	99	543	\N
41	30	5	100	548	\N
42	30	5	101	553	\N
43	30	5	102	557	\N
44	30	5	104	563	\N
45	30	5	105	568	\N
46	30	5	106	573	\N
47	31	5	82	479	\N
48	31	5	83	484	\N
49	31	5	84	487	\N
50	31	5	85	492	\N
51	31	5	86	499	\N
52	31	5	87	502	\N
53	31	5	88	507	\N
54	31	5	89	512	\N
55	31	5	90	517	\N
56	31	5	91	\N	
57	31	5	92	\N	
58	31	5	93	524	\N
59	31	5	94	529	\N
60	31	5	95	533	\N
61	31	5	97	\N	
62	31	5	98	537	\N
63	31	5	99	544	\N
64	31	5	100	548	\N
65	31	5	101	553	\N
66	31	5	102	558	\N
67	31	5	104	564	\N
68	31	5	105	570	\N
69	31	5	106	574	\N
70	32	5	82	478	\N
71	32	5	83	483	\N
72	32	5	84	488	\N
73	32	5	85	492	\N
74	32	5	86	498	\N
75	32	5	87	502	\N
76	32	5	88	508	\N
77	32	5	89	512	\N
78	32	5	90	517	\N
79	32	5	91	\N	
80	32	5	92	\N	
81	32	5	93	523	\N
82	32	5	94	529	\N
83	32	5	95	533	\N
84	32	5	97	\N	
85	32	5	98	539	\N
86	32	5	99	543	\N
87	32	5	100	548	\N
88	32	5	101	553	\N
89	32	5	102	557	\N
90	32	5	104	565	\N
91	32	5	105	569	\N
92	32	5	106	575	\N
93	33	5	82	477	\N
94	33	5	83	482	\N
95	33	5	84	488	\N
96	33	5	85	493	\N
97	33	5	86	499	\N
98	33	5	87	502	\N
99	33	5	88	507	\N
100	33	5	89	512	\N
101	33	5	90	518	\N
102	33	5	91	\N	
103	33	5	92	\N	
104	33	5	93	523	\N
105	33	5	94	529	\N
106	33	5	95	532	\N
107	33	5	97	\N	
108	33	5	98	538	\N
109	33	5	99	543	\N
110	33	5	100	548	\N
111	33	5	101	553	\N
112	33	5	102	558	\N
113	33	5	104	565	\N
114	33	5	105	570	\N
115	33	5	106	575	\N
116	34	5	82	477	\N
117	34	5	83	482	\N
118	34	5	84	488	\N
119	34	5	85	492	\N
120	34	5	86	499	\N
121	34	5	87	502	\N
122	34	5	88	508	\N
123	34	5	89	512	\N
124	34	5	90	518	\N
125	34	5	91	\N	
126	34	5	92	\N	
127	34	5	93	523	\N
128	34	5	94	527	\N
129	34	5	95	532	\N
130	34	5	97	\N	
131	34	5	98	538	\N
132	34	5	99	543	\N
133	34	5	100	549	\N
134	34	5	101	553	\N
135	34	5	102	559	\N
136	34	5	104	563	\N
137	34	5	105	569	\N
138	34	5	106	575	\N
\.


--
-- Data for Name: tsgrhescolaridad; Type: TABLE DATA; Schema: sgrh; Owner: suite
--

COPY sgrh.tsgrhescolaridad (cod_escolaridad, cod_empleado, des_nbinstitucion, des_nivelestudios, cod_titulo, fec_inicio, fec_termino, bin_titulo) FROM stdin;
\.


--
-- Data for Name: tsgrhevacontestadas; Type: TABLE DATA; Schema: sgrh; Owner: suite
--

COPY sgrh.tsgrhevacontestadas (cod_evacontestada, cod_evaluacion, cod_evaluador, cod_evaluado, cod_total, bin_reporte) FROM stdin;
\.


--
-- Data for Name: tsgrhevaluaciones; Type: TABLE DATA; Schema: sgrh; Owner: suite
--

COPY sgrh.tsgrhevaluaciones (cod_evaluacion, des_nbevaluacion, cod_creadopor, cod_modificadopor, fec_creacion, fec_modificacion, des_edoevaluacion, cod_edoeliminar) FROM stdin;
\.


--
-- Data for Name: tsgrhexperienciaslaborales; Type: TABLE DATA; Schema: sgrh; Owner: suite
--

COPY sgrh.tsgrhexperienciaslaborales (cod_experiencia, cod_empleado, des_nbempresa, des_nbpuesto, fec_inicio, fec_termino, txt_actividades, des_ubicacion, des_nbcliente, des_proyecto, txt_logros) FROM stdin;
\.


--
-- Data for Name: tsgrhfactoreseva; Type: TABLE DATA; Schema: sgrh; Owner: suite
--

COPY sgrh.tsgrhfactoreseva (cod_factor, des_nbfactor, cod_edoeliminar) FROM stdin;
\.


--
-- Data for Name: tsgrhidiomas; Type: TABLE DATA; Schema: sgrh; Owner: suite
--

COPY sgrh.tsgrhidiomas (cod_idioma, des_nbidioma, por_dominiooral, por_dominioescrito, cod_empleado) FROM stdin;
\.


--
-- Data for Name: tsgrhperfiles; Type: TABLE DATA; Schema: sgrh; Owner: suite
--

COPY sgrh.tsgrhperfiles (cod_perfil, des_perfil) FROM stdin;
\.


--
-- Data for Name: tsgrhplancapacitacion; Type: TABLE DATA; Schema: sgrh; Owner: suite
--

COPY sgrh.tsgrhplancapacitacion (cod_plancapacitacion, des_nombre, des_tipo, cod_capacitacion, des_criterios, des_roles, cod_proceso, des_instructor, des_proveedor, fec_fecha, des_lugar, cnu_numeroasistentes, des_estado, des_defecto_nombre, des_defecto_tipo, des_defecto_capacitacion, des_defecto_criterios, des_defecto_roles, des_defecto_proceso, des_defecto_instructor, des_defecto_provedor, des_defecto_logistica, des_defecto_calendario, fec_creacion, fec_modificacion, cod_creadopor, cod_modificadopor) FROM stdin;
\.


--
-- Data for Name: tsgrhplaninvitados; Type: TABLE DATA; Schema: sgrh; Owner: suite
--

COPY sgrh.tsgrhplaninvitados (cod_planinvitados, cod_plancapacitacion, cod_empleado) FROM stdin;
\.


--
-- Data for Name: tsgrhplanoperativo; Type: TABLE DATA; Schema: sgrh; Owner: suite
--

COPY sgrh.tsgrhplanoperativo (cod_planoperativo, des_nbplan, cod_version, cod_anio, cod_estatus, bin_planoperativo, cod_creadopor, cod_modificadopor, fec_creacion, fec_modificacion) FROM stdin;
\.


--
-- Data for Name: tsgrhpreguntasenc; Type: TABLE DATA; Schema: sgrh; Owner: suite
--

COPY sgrh.tsgrhpreguntasenc (cod_pregunta, des_pregunta, cod_tipopregunta, cod_edoeliminar, cod_encuesta) FROM stdin;
107	En su centro de trabajo las oportunidades de desarrollo laboral solo las reciben unas cuantas personas privilegiadas	f	f	6
109	En  su centro de trabajo se cuenta con programas de capacitación en materia de igualdad laboral y no discriminación.	f	f	6
111	En su centro de trabajo para lograr la contratación, una promoción o un ascenso cuentan más las recomendaciones que los conocimientos y capacidades de la persona.	f	f	6
113	En su centro de trabajo la competencia por mejores puestos, condiciones laborales o salariales es justa y equitativa.	f	f	6
115	En su centro de trabajo se cuenta con un sistema de evaluación de desempeño del personal.	f	f	6
117	Usted siente que se le trata con respeto en su trabajo actual.	f	f	7
119	En su centro de trabajo todas las personas que laboran obtienen un trato digno y decente.	f	f	7
126	En su centro de trabajo existen campañas de difusión internas de promoción de la igualdad laboral y no discriminación.	f	f	7
137	La organización cuenta con planes y acciones específicos destinados a mejorar mi trabajo.	f	f	8
141	El nivel de compromiso por apoyar el trabajo de los demás en la organización es	f	f	8
143	Mi jefe me respalda frente a sus superiores	f	f	8
145	Participo de las actividades culturales y recreacionales que la organización realiza.	f	f	8
147	Mi jefe me brinda la retroalimentación necesaria para reforzar mis puntos débiles según la evaluación de desempeño.	f	f	8
149	Los jefes reconocen y valoran mi trabajo	f	f	8
151	La distribución de la carga de trabajo que tiene mi área es	f	f	8
153	¿Cómo calificaría su nivel de satisfacción con el trabajo que realiza en la organización?	f	f	8
155	Te agradeceremos nos hagas llegar algunos comentarios acerca de aspectos que ayudarían a mejorar nuestro ambiente de trabajo.	t	f	8
157	Usted tiene el suficiente tiempo para realizar su trabajo habitual:	f	f	9
159	¿Considera que recibe una justa retribución económica por las labores desempeñadas?	f	f	9
161	¿Cómo calificaría su nivel de satisfacción por trabajar en la organización?	f	f	9
121	En su centro de trabajo, en general hay personas que discriminan, tratan mal o le faltan el respeto a sus compañeras/os, colegas o subordinadas/os.	f	f	7
124	En su centro de trabajo  las y los superiores reciben un trato mucho más respetuoso que subordinados(as) y personal administrativo.	f	f	7
128	En su centro de trabajo las cargas de trabajo se distribuyen de acuerdo a la responsabilidad del cargo.	f	f	7
130	En mi oficina se fomenta y desarrolla el trabajo en equipo	f	f	8
132	Existe comunicación dentro de mi grupo de trabajo	f	f	8
134	Siento que no me alcanza el tiempo para completar mi trabajo	f	f	8
136	La relación entre compañeros de trabajo en la organización es	f	f	8
138	La organización otorga buenos y equitativos beneficios a los trabajadores	f	f	8
140	Las remuneraciones están al nivel de los sueldos de mis colegas en el mercado	f	f	8
95	Soy responsable del trabajo que realizo	f	f	5
94	Mi superior me motiva a cumplir con mi trabajo de la manera que yo considere mejor.	f	f	5
93	Considero que necesito capacitación en alguna área de mi interés y que forma parte importante de mi desarrollo.	f	f	5
142	Siento apoyo en mi jefe cuando me encuentro en dificultades	f	f	8
91	¿Cree que su trabajo es compatible con los objetivos de la empresa?	t	f	5
90	Cuento con los materiales y equipos necesarios para realizar mi trabajo.	f	f	5
89	Está conforme con la limpieza, higiene y salubridad en su lugar de trabajo.	f	f	5
88	Si  hay  un  nuevo Plan  Estratégico, estoy dispuesto a servir de voluntario para iniciar los cambios.	f	f	5
87	En esta Institución, la gente planifica cuidadosamente antes de tomar acción.	f	f	5
144	Mi jefe me da autonomía para tomar las decisiones necesarias para el cumplimiento de mis responsabilidades.	f	f	8
86	Yo aporto al proceso de planificación en mi área de trabajo.	f	f	5
83	En mi organización está claramente definida su Misión y Visión.	f	f	5
146	Mi jefe me proporciona información suficiente, adecuada para realizar bien mi trabajo	f	f	8
148	El nivel de recursos (materiales, equipos e infraestructura) con los que cuento para realizar bien mi trabajo es	f	f	8
150	Mi remuneración, comparada con lo que otros ganan y hacen en la organización, está acorde con las responsabilidades de mi cargo	f	f	8
152	¿Cómo calificaría su nivel de satisfacción por pertenecer a la organización?	f	f	8
154	¿Cómo calificaría su nivel de identificación con la organización?	f	f	8
102	Siento que formo parte de un equipo que trabaja hacia una meta común	f	t	5
101	En mi grupo de trabajo, solucionar el problema es más importante que encontrar algún culpable.	f	t	5
100	Mis compañeros y yo trabajamos juntos de manera efectiva	f	t	5
99	El horario de trabajo me permite atender mis necesidades personales	f	t	5
98	Me siento comprometido para alcanzar las metas establecidas.	f	t	5
156	En relación a las condiciones físicas de su puesto de trabajo (iluminación, temperatura, etc.)  usted considera que éste es:	f	f	9
158	¿Está usted de acuerdo en cómo está gestionado el departamento en el que trabaja respecto a las metas que éste tiene encomendadas?	f	f	9
82	Me siento muy satisfecho con mi ambiente de trabajo.	f	f	5
160	Considera que su remuneración está por encima de la media en su entorno social, fuera de la empresa?	f	f	9
92	Considero que me pagan lo justo por mi trabajo.	t	f	5
97	Conozco las exigencias de mi trabajo.	t	f	5
108	En su centro de trabajo mujeres y hombres tienen por igual oportunidades de ascenso y capacitación.	f	f	6
110	En los últimos 12 meses usted ha participado  en programas de capacitación.	f	f	6
112	En su centro de trabajo se ha despedido a alguna mujer por embarazo u orillado a renunciar al regresar de su licencia de maternidad.	f	f	6
114	En su centro de trabajo mujeres y hombres tienen las mismas oportunidades para ocupar puestos de decisión.	f	f	6
116	En los últimos 12 meses le han realizado una evaluación de desempeño.	f	f	6
118	En su centro de trabajo quienes realizan tareas personales para las y los jefes logran privilegios.	f	f	7
120	En su centro de trabajo las valoraciones que se realizan a sus actividades dependen más de la calidad y responsabilidad que de cualquier otra cuestión personal.	f	f	7
122	En su centro de trabajo debido a sus características personales hay personas que sufren un trato inferior o de burla.	f	f	7
125	En su centro de trabajo las y los superiores están abiertos a la comunicación con el personal.	f	f	7
127	En su centro de trabajo las funciones y tareas se transmiten de manera clara y precisa.	f	f	7
85	Existe un plan para lograr los  objetivos de la organización.	f	f	5
84	La  dirección manifiesta sus objetivos de tal forma que se crea un sentido común de misión e identidad entre sus miembros.	f	f	5
129	Si manifiesto mi preocupación sobre algún asunto relacionado con la igualdad de género o prácticas discriminatorias, se le da seguimiento	f	f	7
131	Para el desempeño de mis labores mi ambiente de trabajo es	f	f	8
133	Existe comunicación fluida entre mi Región y la sede central.	f	f	8
135	Los jefes en la organización se preocupan por mantener elevado el nivel de motivación del personal	f	f	8
139	En la organización las funciones están claramente definidas	f	f	8
205	preguntaejemplo	f	t	5
106	Hay evidencia de que mi jefe me apoya utilizando mis ideas o propuestas para mejorar el trabajo	f	t	5
105	Tengo mucho trabajo y poco tiempo para realizarlo	f	t	5
104	Mi superior inmediato toma acciones que refuerzan el objetivo común de la Institución.	f	t	5
\.


--
-- Data for Name: tsgrhpreguntaseva; Type: TABLE DATA; Schema: sgrh; Owner: suite
--

COPY sgrh.tsgrhpreguntaseva (cod_pregunta, des_pregunta, cod_edoeliminar, cod_evaluacion, cod_subfactor) FROM stdin;
\.


--
-- Data for Name: tsgrhprocesocapacitacion; Type: TABLE DATA; Schema: sgrh; Owner: suite
--

COPY sgrh.tsgrhprocesocapacitacion (cod_proceso, des_proceso) FROM stdin;
1	PlanCapacitacionGN
2	PlanCapacitacionGPR
3	PlanCapacitacionGR
4	PlanCapacitacionAPE
5	PlanCapacitacionGN
6	PlanCapacitacionGPR
7	PlanCapacitacionGR
8	PlanCapacitacionAPE
\.


--
-- Data for Name: tsgrhpuestos; Type: TABLE DATA; Schema: sgrh; Owner: suite
--

COPY sgrh.tsgrhpuestos (cod_puesto, des_puesto, cod_area, cod_acronimo) FROM stdin;
1	DISEÑO Y MANTENIMIENTO DE BASE DE DATOS	1	DBA
2	DESARROLLO BACKEND DE SOFTWARE COMERCIALIZABLE	2	BACK
3	DISEÑO FRONTEND DE APLICATIVOS COMERCIALIZABLES	3	FRONT
4	SOLUCION DE PROBLEMAS CON EL APLICATIVO DESARROLLADO Y MANTENIMIENTO DE CODIGO FUENTE	4	QA
5	RESPONSABLE DE CAPACITACIÓN	5	RC
6	RESPONSABLE DE RECURSOS HUMANOS Y AMBIENTE DE TRABAJO	5	RRHAT
7	RESPOSABLE DE GESTIÓN DE RECURSOS 	5	RGR
\.


--
-- Data for Name: tsgrhreglogistica; Type: TABLE DATA; Schema: sgrh; Owner: postgres
--

COPY sgrh.tsgrhreglogistica (cod_reglogistica, tim_horario, des_lugarevento, des_requerimientos, fec_inicio, fec_termino, cod_capacitacion) FROM stdin;
\.


--
-- Data for Name: tsgrhrespuestasenc; Type: TABLE DATA; Schema: sgrh; Owner: suite
--

COPY sgrh.tsgrhrespuestasenc (cod_respuesta, cod_catrespuesta, cod_pregunta, cod_edoeliminar) FROM stdin;
475	1	82	f
476	2	82	f
477	3	82	f
478	4	82	f
479	5	82	f
480	1	83	f
481	2	83	f
482	3	83	f
483	4	83	f
484	5	83	f
485	1	84	f
486	2	84	f
487	3	84	f
488	4	84	f
489	5	84	f
490	1	85	f
491	2	85	f
492	3	85	f
493	4	85	f
494	5	85	f
495	1	86	f
496	2	86	f
497	3	86	f
498	4	86	f
499	5	86	f
500	1	87	f
501	2	87	f
502	3	87	f
503	4	87	f
504	5	87	f
505	1	88	f
506	2	88	f
507	3	88	f
508	4	88	f
509	5	88	f
510	1	89	f
511	2	89	f
512	3	89	f
513	4	89	f
514	5	89	f
515	1	90	f
516	2	90	f
517	3	90	f
518	4	90	f
519	5	90	f
520	1	93	f
521	2	93	f
522	3	93	f
523	4	93	f
524	5	93	f
525	1	94	f
526	2	94	f
527	3	94	f
528	4	94	f
529	5	94	f
530	1	95	f
531	2	95	f
532	3	95	f
533	4	95	f
534	5	95	f
535	1	98	f
536	2	98	f
537	3	98	f
538	4	98	f
539	5	98	f
540	1	99	f
541	2	99	f
542	3	99	f
543	4	99	f
544	5	99	f
545	1	100	f
546	2	100	f
547	3	100	f
548	4	100	f
549	5	100	f
550	1	101	f
551	2	101	f
552	3	101	f
553	4	101	f
554	5	101	f
555	1	102	f
556	2	102	f
557	3	102	f
558	4	102	f
559	5	102	f
561	1	104	f
562	2	104	f
563	3	104	f
564	4	104	f
565	5	104	f
566	1	105	f
567	2	105	f
568	3	105	f
569	4	105	f
570	5	105	f
571	1	106	f
572	2	106	f
573	3	106	f
574	4	106	f
575	5	106	f
576	1	156	f
577	2	156	f
578	3	156	f
579	4	156	f
580	5	156	f
581	1	157	f
582	2	157	f
583	3	157	f
584	4	157	f
585	5	157	f
586	1	158	f
587	2	158	f
588	3	158	f
589	4	158	f
590	5	158	f
591	1	159	f
592	2	159	f
593	3	159	f
594	4	159	f
595	5	159	f
596	1	160	f
597	2	160	f
598	3	160	f
599	4	160	f
600	5	160	f
601	1	161	f
602	2	161	f
603	3	161	f
604	4	161	f
605	5	161	f
606	1	117	f
607	2	117	f
608	3	117	f
609	4	117	f
610	5	117	f
611	1	118	f
612	2	118	f
613	3	118	f
614	4	118	f
615	5	118	f
616	1	119	f
617	2	119	f
618	3	119	f
619	4	119	f
620	5	119	f
621	1	120	f
622	2	120	f
623	3	120	f
624	4	120	f
625	5	120	f
626	1	121	f
627	2	121	f
628	3	121	f
629	4	121	f
630	5	121	f
631	1	122	f
632	2	122	f
633	3	122	f
634	4	122	f
635	5	122	f
637	1	124	f
638	2	124	f
639	3	124	f
640	4	124	f
641	5	124	f
642	1	125	f
643	2	125	f
644	3	125	f
645	4	125	f
646	5	125	f
647	1	126	f
648	2	126	f
649	3	126	f
650	4	126	f
651	5	126	f
652	1	127	f
653	2	127	f
654	3	127	f
655	4	127	f
656	5	127	f
657	1	128	f
658	2	128	f
659	3	128	f
660	4	128	f
661	5	128	f
662	1	129	f
663	2	129	f
664	3	129	f
665	4	129	f
666	5	129	f
\.


--
-- Data for Name: tsgrhrespuestaseva; Type: TABLE DATA; Schema: sgrh; Owner: suite
--

COPY sgrh.tsgrhrespuestaseva (cod_respuesta, des_respuesta, cod_pregunta, cod_evacontestada) FROM stdin;
\.


--
-- Data for Name: tsgrhrevplanoperativo; Type: TABLE DATA; Schema: sgrh; Owner: suite
--

COPY sgrh.tsgrhrevplanoperativo (cod_revplanoperativo, fec_creacion, cod_lugar, tim_duracion, cod_participante1, cod_participante2, cod_participante3, cod_participante4, cod_participante5, cod_planoperativo, des_puntosatratar, des_acuerdosobtenidos, cod_creadopor, cod_modificadopor, fec_modificacion) FROM stdin;
\.


--
-- Data for Name: tsgrhsubfactoreseva; Type: TABLE DATA; Schema: sgrh; Owner: suite
--

COPY sgrh.tsgrhsubfactoreseva (cod_subfactor, des_nbsubfactor, cod_factor, cod_edoeliminar) FROM stdin;
\.


--
-- Data for Name: tsgrhtiposcapacitaciones; Type: TABLE DATA; Schema: sgrh; Owner: suite
--

COPY sgrh.tsgrhtiposcapacitaciones (cod_capacitacion, des_capacitacion) FROM stdin;
1	Curso
2	Taller
3	Seminario
4	Autoestudio
5	Mentoreo
6	Diplomado
7	Congreso
8	Curso
9	Taller
10	Seminario
11	Autoestudio
12	Mentoreo
13	Diplomado
14	Congreso
\.


--
-- Data for Name: tsgrhvalidaevaluaciondes; Type: TABLE DATA; Schema: sgrh; Owner: suite
--

COPY sgrh.tsgrhvalidaevaluaciondes (cod_validacion, des_edoevaluacion, fec_validacion, cod_lugar, tim_duracion, des_defectosevalucacion, cod_edoeliminar, cod_evaluacion, cod_participante1, cod_participante2, cod_participante3, cod_participante4, cod_evaluador, cod_evaluado) FROM stdin;
\.


--
-- Data for Name: tsgrtagenda; Type: TABLE DATA; Schema: sgrt; Owner: suite
--

COPY sgrt.tsgrtagenda (cod_agenda, des_texto, cnu_tratado, cod_reunion) FROM stdin;
\.


--
-- Data for Name: tsgrtarchivos; Type: TABLE DATA; Schema: sgrt; Owner: suite
--

COPY sgrt.tsgrtarchivos (cod_archivo, bin_archivo, cod_reunion) FROM stdin;
\.


--
-- Data for Name: tsgrtasistentes; Type: TABLE DATA; Schema: sgrt; Owner: suite
--

COPY sgrt.tsgrtasistentes (cod_asistente, cod_reunion, cod_empleado, cnu_asiste, cod_invitado) FROM stdin;
\.


--
-- Data for Name: tsgrtattchticket; Type: TABLE DATA; Schema: sgrt; Owner: suite
--

COPY sgrt.tsgrtattchticket (cod_attach, cod_ticket, cod_tamano, des_nombre, cod_sistemasuite, fec_ultactualizacion, cod_ultactualizacionpor, cod_creadopor, fec_creacion, bin_attach) FROM stdin;
\.


--
-- Data for Name: tsgrtayudatopico; Type: TABLE DATA; Schema: sgrt; Owner: suite
--

COPY sgrt.tsgrtayudatopico (cod_topico, cnu_activo, cnu_autorespuesta, cod_prioridad, cod_depto, des_topico, cod_sistemasuite, fec_ultactualizacion, cod_ultactualizacionpor, cod_creadopor, fec_creacion) FROM stdin;
\.


--
-- Data for Name: tsgrtcategoriafaq; Type: TABLE DATA; Schema: sgrt; Owner: suite
--

COPY sgrt.tsgrtcategoriafaq (cod_categoriafaq, cnu_tipo, des_categoria, des_descripcion, des_notas, tim_ultactualiza, fec_creacion, fec_ultactualizadopor, cod_creadopor) FROM stdin;
\.


--
-- Data for Name: tsgrtchat; Type: TABLE DATA; Schema: sgrt; Owner: suite
--

COPY sgrt.tsgrtchat (cod_chat, chat) FROM stdin;
\.


--
-- Data for Name: tsgrtciudades; Type: TABLE DATA; Schema: sgrt; Owner: suite
--

COPY sgrt.tsgrtciudades (cod_ciudad, des_nbciudad, cod_estadorep) FROM stdin;
6	ZACATLAN DE LAS MANZANAS	1
7	CIUDAD DE MEXICO	4
8	XALAPA	3
9	POZA RICA	3
10	TLAXCALA	2
11	APIZACO	2
\.


--
-- Data for Name: tsgrtcomentariosagenda; Type: TABLE DATA; Schema: sgrt; Owner: suite
--

COPY sgrt.tsgrtcomentariosagenda (cod_comentsagenda, des_comentario, cod_agenda, cod_invitado) FROM stdin;
\.


--
-- Data for Name: tsgrtcomentariosreunion; Type: TABLE DATA; Schema: sgrt; Owner: suite
--

COPY sgrt.tsgrtcomentariosreunion (cod_commentsreunion, des_comentario, cod_invitado, cod_reunion) FROM stdin;
\.


--
-- Data for Name: tsgrtcompromisos; Type: TABLE DATA; Schema: sgrt; Owner: suite
--

COPY sgrt.tsgrtcompromisos (cod_compromiso, des_descripcion, fec_solicitud, fec_compromiso, cod_reunion, cod_validador, cod_verificador, cod_estado, des_valor, cod_ejecutor, cod_tipoejecutor, cnu_revisado, cod_estatus, cod_tipocompromiso, cod_chat, fec_entrega) FROM stdin;
\.


--
-- Data for Name: tsgrtcorreo; Type: TABLE DATA; Schema: sgrt; Owner: suite
--

COPY sgrt.tsgrtcorreo (cod_correo, cnu_autorespuesta, cod_prioridad, cod_depto, des_nbusuario, des_correo, des_nombre, des_contrasena, cnu_activo, des_dirhost, cod_protocolo, cod_encriptacion, cod_puerto, cnu_frecsinc, cnu_nummaxcorreo, cnu_eliminar, cnu_errores, fec_ulterror, fec_ultsincr, cnu_smtpactivo, des_smtphost, cod_smtpport, cnu_smtpsecure, cnu_smtpauth, cod_sistemasuite, fec_ultactualizacion, cod_ultactualizacionpor, cod_creadopor, fec_creacion, cod_usuario) FROM stdin;
\.


--
-- Data for Name: tsgrtdatossolicitud; Type: TABLE DATA; Schema: sgrt; Owner: suite
--

COPY sgrt.tsgrtdatossolicitud (cod_datosolicitud, cod_elemento, des_descripcion, cod_solicitud, cod_edosolicitud) FROM stdin;
\.


--
-- Data for Name: tsgrtdepartamento; Type: TABLE DATA; Schema: sgrt; Owner: suite
--

COPY sgrt.tsgrtdepartamento (cod_depto, cod_plantillacorreo, cod_correo, cod_manager, des_nombre, cod_ncorto, des_firma, cnu_publico, cod_sistemasuite, fec_ultactualizacion, cod_ultactualizacionpor, cod_creadopor, fec_creacion) FROM stdin;
\.


--
-- Data for Name: tsgrtedosolicitudes; Type: TABLE DATA; Schema: sgrt; Owner: suite
--

COPY sgrt.tsgrtedosolicitudes (cod_edosolicitud, cod_nbedosolicitud) FROM stdin;
\.


--
-- Data for Name: tsgrtelementos; Type: TABLE DATA; Schema: sgrt; Owner: suite
--

COPY sgrt.tsgrtelementos (cod_elemento, des_nombre, cnu_activo) FROM stdin;
\.


--
-- Data for Name: tsgrtestados; Type: TABLE DATA; Schema: sgrt; Owner: suite
--

COPY sgrt.tsgrtestados (cod_estadorep, des_nbestado) FROM stdin;
1	PUEBLA
2	TLAXCALA
3	VERACRUZ
4	DISTRITO FEDERAL
\.


--
-- Data for Name: tsgrtfaq; Type: TABLE DATA; Schema: sgrt; Owner: suite
--

COPY sgrt.tsgrtfaq (cod_faq, cod_categoriafaq, des_pregunta, cnu_activo, des_respuesta, des_notasint, fec_ultactualizacion, fec_creacion, cod_creadopor, cod_ultactualizacionpor) FROM stdin;
\.


--
-- Data for Name: tsgrtgrupo; Type: TABLE DATA; Schema: sgrt; Owner: suite
--

COPY sgrt.tsgrtgrupo (cod_grupo, cnu_activo, des_nombre, cnu_crear, cnu_editar, cnu_borrar, cnu_cerrar, cnu_transferir, cnu_prohibir, cnu_administrar, cod_sistemasuite, fec_ultactualizacion, cod_ultactualizacionpor, cod_creadopor, fec_creacion) FROM stdin;
\.


--
-- Data for Name: tsgrtinvitados; Type: TABLE DATA; Schema: sgrt; Owner: suite
--

COPY sgrt.tsgrtinvitados (cod_invitado, cod_reunion, des_nombre, des_correo, cnu_invitacionenv, cnu_asiste, cod_empleado, des_empresa) FROM stdin;
\.


--
-- Data for Name: tsgrtlugares; Type: TABLE DATA; Schema: sgrt; Owner: suite
--

COPY sgrt.tsgrtlugares (cod_lugar, des_nombre, cod_ciudad) FROM stdin;
2	TLAXCALA DE XICONTECATL	10
3	SANTA ANA	10
4	CHIUATEMPAN	10
\.


--
-- Data for Name: tsgrtmsjticket; Type: TABLE DATA; Schema: sgrt; Owner: suite
--

COPY sgrt.tsgrtmsjticket (cod_mensaje, cod_ticket, cod_usuario, des_mensaje, cod_fuente, cod_sistemasuite, fec_ultactualizacion, cod_ultactualizacionpor, cod_creadopor, fec_creacion) FROM stdin;
\.


--
-- Data for Name: tsgrtnota; Type: TABLE DATA; Schema: sgrt; Owner: suite
--

COPY sgrt.tsgrtnota (cod_nota, cod_ticket, cod_empleado, des_fuente, des_titulo, des_nota, cod_sistemasuite, fec_ultactualizacion, cod_ultactualizacionpor, cod_creadopor, fec_creacion) FROM stdin;
\.


--
-- Data for Name: tsgrtplantillacorreos; Type: TABLE DATA; Schema: sgrt; Owner: suite
--

COPY sgrt.tsgrtplantillacorreos (cod_plantillacorreo, des_nombre, des_notas, cod_tipodestinario, cod_sistemasuite, fec_ultactualizacion, cod_ultactualizacionpor, cod_creadopor, fec_creacion, des_asunto, des_cuerpo) FROM stdin;
\.


--
-- Data for Name: tsgrtprioridad; Type: TABLE DATA; Schema: sgrt; Owner: suite
--

COPY sgrt.tsgrtprioridad (cod_prioridad, des_nombre, des_descripcion, cod_color, cnu_valprioridad, cnu_publica, cod_sistemasuite, fec_ultactualizacion, cod_ultactualizacionpor, cod_creadopor, fec_creacion) FROM stdin;
\.


--
-- Data for Name: tsgrtresppredefinida; Type: TABLE DATA; Schema: sgrt; Owner: suite
--

COPY sgrt.tsgrtresppredefinida (cod_respuesta, cod_depto, cnu_activo, des_titulo, des_respuesta, cod_sistemasuite, fec_ultactualizacion, cod_ultactualizacionpor, cod_creadopor, fec_creacion) FROM stdin;
\.


--
-- Data for Name: tsgrtrespuesta; Type: TABLE DATA; Schema: sgrt; Owner: suite
--

COPY sgrt.tsgrtrespuesta (cod_respuesta, cod_mensaje, cod_ticket, cod_empleado, des_respuesta, cod_sistemasuite, fec_ultactualizacion, cod_ultactualizacionpor, cod_creadopor, fec_creacion) FROM stdin;
\.


--
-- Data for Name: tsgrtreuniones; Type: TABLE DATA; Schema: sgrt; Owner: suite
--

COPY sgrt.tsgrtreuniones (cod_reunion, des_nombre, fec_fecha, des_objetivo, cod_lugar, cod_responsable, cod_proximareunion, cod_creadorreunion, tim_duracion, tim_hora) FROM stdin;
\.


--
-- Data for Name: tsgrtservicios; Type: TABLE DATA; Schema: sgrt; Owner: suite
--

COPY sgrt.tsgrtservicios (cod_servicio, des_nombre_servicio, des_descripcion, fec_contratacion) FROM stdin;
\.


--
-- Data for Name: tsgrtsolicitudservicios; Type: TABLE DATA; Schema: sgrt; Owner: suite
--

COPY sgrt.tsgrtsolicitudservicios (cod_solicitud, cod_empleado, cod_ticket, cod_servicio) FROM stdin;
\.


--
-- Data for Name: tsgrtticket; Type: TABLE DATA; Schema: sgrt; Owner: suite
--

COPY sgrt.tsgrtticket (cod_ticket, des_folio, cod_reunion, cod_acuerdo, cod_responsable, cod_validador, cod_depto, cod_prioridad, cod_topico, cod_empleado, des_correo, des_nombre, des_tema, des_temaayuda, cod_telefono, cod_extension, cod_estadot, cod_origent, cnu_expirado, cnu_atendido, fec_exp, fec_reap, fec_cierre, fec_ultimomsg, fec_ultimaresp, cod_sistemasuite, fec_ultactualizacion, cod_ultactualizacionpor, cod_creadopor, fec_creacion, cod_ejecutor) FROM stdin;
\.


--
-- Data for Name: tsisatasignaciones; Type: TABLE DATA; Schema: sisat; Owner: suite
--

COPY sisat.tsisatasignaciones (cod_asignacion, cod_prospecto, cod_perfil, cod_cliente, des_correocte, cod_telefonocte, des_direccioncte, cod_empleado, cod_creadopor, cod_modificadopor, fec_creacion, fec_modificacion) FROM stdin;
\.


--
-- Data for Name: tsisatcandidatos; Type: TABLE DATA; Schema: sisat; Owner: suite
--

COPY sisat.tsisatcandidatos (cod_candidato, des_nombre, cod_perfil, imp_sueldo, imp_sueldodia, imp_nominaimss, imp_honorarios, imp_cargasocial, imp_prestaciones, imp_viaticos, imp_subtotalcandidato, imp_costoadmin, cnu_financiamiento, imp_isr, imp_financiamiento, imp_adicionales, imp_subtotaladmin1, imp_comisiones, imp_otrosgastos, imp_subtotaladmin2, imp_total, imp_iva, por_utilidad, imp_utilidad, imp_tarifa) FROM stdin;
\.


--
-- Data for Name: tsisatcartaaceptacion; Type: TABLE DATA; Schema: sisat; Owner: suite
--

COPY sisat.tsisatcartaaceptacion (cod_aceptacion, des_objetivo, txt_oferta, des_esquema, tim_jornada, txt_especificaciones, cod_creadopor, cod_modificadopor, fec_creacion, fec_modificacion) FROM stdin;
\.


--
-- Data for Name: tsisatcartaasignacion; Type: TABLE DATA; Schema: sisat; Owner: suite
--

COPY sisat.tsisatcartaasignacion (cod_asignacion, cod_prospecto, cod_perfil, des_actividades, des_lugarsalida, des_lugarllegada, fec_salida, fec_llegada, cod_transporte, des_lugarhopedaje, fec_hospedaje, des_computadora, cod_telefono, des_accesorios, des_nbresponsable, des_nbpuesto, des_lugarresp, cod_telefonoresp, tim_horario, fec_iniciocontra, fec_terminocontra, imp_sueldomensual, imp_nominaimss, imp_honorarios, imp_otros, cod_rfc, des_razonsocial, des_correo, cod_cpostal, des_direccionfact, cod_cliente, cod_gpy, cod_rhta, cod_ape, cod_rys, cod_creadopor, cod_modificadopor, fec_creacion, fec_modificacion) FROM stdin;
\.


--
-- Data for Name: tsisatcotizaciones; Type: TABLE DATA; Schema: sisat; Owner: suite
--

COPY sisat.tsisatcotizaciones (cod_cotizacion, des_nbciudad, des_nbestado, fec_fecha, des_nbcontacto, cod_puesto, des_compania, des_nbservicio, cnu_cantidad, txt_concepto, imp_inversionhr, txt_condicionescomer, des_nbatentamente, des_correoatentamente, cod_creadopor, cod_modificadopor, fec_creacion, fec_modificacion) FROM stdin;
\.


--
-- Data for Name: tsisatcursosycerticados; Type: TABLE DATA; Schema: sisat; Owner: suite
--

COPY sisat.tsisatcursosycerticados (cod_curso, cod_prospecto, des_curso, des_institucion, fec_termino) FROM stdin;
\.


--
-- Data for Name: tsisatentrevistas; Type: TABLE DATA; Schema: sisat; Owner: suite
--

COPY sisat.tsisatentrevistas (cod_entrevista, des_nbentrevistador, des_puesto, des_correoent, cod_telefonoent, des_direccionent, tim_horarioent, fec_fechaent, cod_creadopor, cod_modificadopor, fec_creacion, fec_modificacion) FROM stdin;
\.


--
-- Data for Name: tsisatenviocorreos; Type: TABLE DATA; Schema: sisat; Owner: suite
--

COPY sisat.tsisatenviocorreos (cod_envio, des_destinatario, des_asunto, des_mensaje, bin_adjunto, cod_creadopor, cod_modificadopor, fec_creacion, fec_modificacion) FROM stdin;
\.


--
-- Data for Name: tsisatescolaridad; Type: TABLE DATA; Schema: sisat; Owner: suite
--

COPY sisat.tsisatescolaridad (cod_escolaridad, cod_prospecto, des_escolaridad, des_escuela, fec_inicio, fec_termino, cod_estatus) FROM stdin;
\.


--
-- Data for Name: tsisatexperienciaslaborales; Type: TABLE DATA; Schema: sisat; Owner: suite
--

COPY sisat.tsisatexperienciaslaborales (cod_experiencia, cod_prospecto, des_empresa, des_puesto, fec_inicio, fec_termino, des_ubicacion, txt_funciones, des_nbcliente, des_proyecto, txt_logros) FROM stdin;
\.


--
-- Data for Name: tsisatfirmas; Type: TABLE DATA; Schema: sisat; Owner: suite
--

COPY sisat.tsisatfirmas (cod_firma, cod_solicita, cod_puestosolicita, cod_autoriza, cod_puestoautoriza, cod_contratacion, cod_creadopor, cod_modificadopor, fec_creacion, fec_modificacion) FROM stdin;
\.


--
-- Data for Name: tsisathabilidades; Type: TABLE DATA; Schema: sisat; Owner: suite
--

COPY sisat.tsisathabilidades (cod_habilidad, cod_prospecto, des_habilidad1, des_habilidad2, des_habilidad3, des_habilidad4, des_habilidad5, des_habilidad6, des_habilidad7, des_habilidad8, des_habilidad9, des_habilidad10, des_habilidad11, des_habilidad12, des_habilidad13, des_habilidad14, des_habilidad15, des_habilidad16, des_habilidad17, des_habilidad18, des_habilidad19, des_habilidad20, des_habilidad21, des_habilidad22, des_habilidad23, des_habilidad24, des_habilidad25, des_habilidad26, des_habilidad27, des_habilidad28, des_habilidad29, des_habilidad30, des_dominio1, des_dominio2, des_dominio3, des_dominio4, des_dominio5, des_dominio6, des_dominio7, des_dominio8, des_dominio9, des_dominio10, des_dominio11, des_dominio12, des_dominio13, des_dominio14, des_dominio15, des_dominio16, des_dominio17, des_dominio18, des_dominio19, des_dominio20, des_dominio21, des_dominio22, des_dominio23, des_dominio24, des_dominio25, des_dominio26, des_dominio27, des_dominio28, des_dominio29, des_dominio30) FROM stdin;
\.


--
-- Data for Name: tsisatidiomas; Type: TABLE DATA; Schema: sisat; Owner: suite
--

COPY sisat.tsisatidiomas (cod_idioma, cod_prospecto, cod_nbidioma, cod_nivel, des_certificado) FROM stdin;
\.


--
-- Data for Name: tsisatordenservicio; Type: TABLE DATA; Schema: sisat; Owner: suite
--

COPY sisat.tsisatordenservicio (cod_ordenservicio, cod_estadorep, cod_ciudad, fec_fecha, des_nbcontacto, cod_puesto, des_nbcompania, des_nbservicio, cnu_cantidad, txt_concepto, imp_inversionhr, txt_condicionescomer, des_ubcnconsultor, fec_finservicio, cod_gpy, des_correogpy, cod_cliente, des_correoclte, des_empresaclte, cod_creadopor, cod_modificadopor, fec_creacion, fec_modificacion) FROM stdin;
\.


--
-- Data for Name: tsisatprospectos; Type: TABLE DATA; Schema: sisat; Owner: suite
--

COPY sisat.tsisatprospectos (cod_prospecto, des_nombre, des_nombres, des_appaterno, des_apmaterno, des_lugarnacimiento, fec_nacimiento, cod_edad, cod_edocivil, des_nbpadre, des_nbmadre, cod_numhermanos, des_nbcalle, cod_numcasa, des_colonia, des_localidad, des_municipio, des_estado, cod_cpostal, cod_tiposangre, des_emailmbn, des_emailpersonal, des_pasatiempo, cod_telefonocasa, cod_telefonomovil, cod_rfc, cod_nss, cod_curp, des_nacionalidad, cod_administrador, fec_fechacoment, txt_comentarios, cod_creadopor, cod_modificadopor, fec_creacion, fec_modificacion) FROM stdin;
\.


--
-- Data for Name: tsisatproyectos; Type: TABLE DATA; Schema: sisat; Owner: suite
--

COPY sisat.tsisatproyectos (cod_proyecto, cod_prospecto, cod_perfil, des_nbcliente, des_nbresponsable, des_correo, cod_telefono, des_direccion, cod_creadopor, cod_modificadopor, fec_creacion, fec_modificacion) FROM stdin;
\.


--
-- Data for Name: tsisatvacantes; Type: TABLE DATA; Schema: sisat; Owner: suite
--

COPY sisat.tsisatvacantes (cod_vacante, des_rqvacante, cnu_anexperiencia, txt_experiencia, des_escolaridad, txt_herramientas, txt_habilidades, des_lugartrabajo, imp_sueldo, cod_creadopor, cod_modificadopor, fec_creacion, fec_modificacion) FROM stdin;
\.


--
-- Name: seq_sistema; Type: SEQUENCE SET; Schema: sgco; Owner: suite
--

SELECT pg_catalog.setval('sgco.seq_sistema', 1, false);


--
-- Name: seq_tipousuario; Type: SEQUENCE SET; Schema: sgco; Owner: suite
--

SELECT pg_catalog.setval('sgco.seq_tipousuario', 1, false);


--
-- Name: seq_usuarios; Type: SEQUENCE SET; Schema: sgco; Owner: suite
--

SELECT pg_catalog.setval('sgco.seq_usuarios', 1, false);


--
-- Name: seq_area; Type: SEQUENCE SET; Schema: sgrh; Owner: suite
--

SELECT pg_catalog.setval('sgrh.seq_area', 5, true);


--
-- Name: seq_capacitaciones; Type: SEQUENCE SET; Schema: sgrh; Owner: suite
--

SELECT pg_catalog.setval('sgrh.seq_capacitaciones', 1, false);


--
-- Name: seq_cartaasignacion; Type: SEQUENCE SET; Schema: sgrh; Owner: suite
--

SELECT pg_catalog.setval('sgrh.seq_cartaasignacion', 1, false);


--
-- Name: seq_cat_encuesta_participantes; Type: SEQUENCE SET; Schema: sgrh; Owner: postgres
--

SELECT pg_catalog.setval('sgrh.seq_cat_encuesta_participantes', 138, true);


--
-- Name: seq_catrespuestas; Type: SEQUENCE SET; Schema: sgrh; Owner: postgres
--

SELECT pg_catalog.setval('sgrh.seq_catrespuestas', 200, false);


--
-- Name: seq_clientes; Type: SEQUENCE SET; Schema: sgrh; Owner: suite
--

SELECT pg_catalog.setval('sgrh.seq_clientes', 1, false);


--
-- Name: seq_contrataciones; Type: SEQUENCE SET; Schema: sgrh; Owner: suite
--

SELECT pg_catalog.setval('sgrh.seq_contrataciones', 1, false);


--
-- Name: seq_contratos; Type: SEQUENCE SET; Schema: sgrh; Owner: suite
--

SELECT pg_catalog.setval('sgrh.seq_contratos', 1, false);


--
-- Name: seq_empleado; Type: SEQUENCE SET; Schema: sgrh; Owner: suite
--

SELECT pg_catalog.setval('sgrh.seq_empleado', 13, true);


--
-- Name: seq_encuestas; Type: SEQUENCE SET; Schema: sgrh; Owner: suite
--

SELECT pg_catalog.setval('sgrh.seq_encuestas', 17, true);


--
-- Name: seq_escolaridad; Type: SEQUENCE SET; Schema: sgrh; Owner: suite
--

SELECT pg_catalog.setval('sgrh.seq_escolaridad', 1, false);


--
-- Name: seq_evacontestadas; Type: SEQUENCE SET; Schema: sgrh; Owner: suite
--

SELECT pg_catalog.setval('sgrh.seq_evacontestadas', 1, false);


--
-- Name: seq_evaluaciones; Type: SEQUENCE SET; Schema: sgrh; Owner: suite
--

SELECT pg_catalog.setval('sgrh.seq_evaluaciones', 1, false);


--
-- Name: seq_experiencialab; Type: SEQUENCE SET; Schema: sgrh; Owner: suite
--

SELECT pg_catalog.setval('sgrh.seq_experiencialab', 1, false);


--
-- Name: seq_factoreseva; Type: SEQUENCE SET; Schema: sgrh; Owner: suite
--

SELECT pg_catalog.setval('sgrh.seq_factoreseva', 1, false);


--
-- Name: seq_idiomas; Type: SEQUENCE SET; Schema: sgrh; Owner: suite
--

SELECT pg_catalog.setval('sgrh.seq_idiomas', 1, false);


--
-- Name: seq_perfiles; Type: SEQUENCE SET; Schema: sgrh; Owner: suite
--

SELECT pg_catalog.setval('sgrh.seq_perfiles', 1, false);


--
-- Name: seq_plancapacitacion; Type: SEQUENCE SET; Schema: sgrh; Owner: suite
--

SELECT pg_catalog.setval('sgrh.seq_plancapacitacion', 1, false);


--
-- Name: seq_planesoperativos; Type: SEQUENCE SET; Schema: sgrh; Owner: suite
--

SELECT pg_catalog.setval('sgrh.seq_planesoperativos', 1, false);


--
-- Name: seq_planinvitados; Type: SEQUENCE SET; Schema: sgrh; Owner: suite
--

SELECT pg_catalog.setval('sgrh.seq_planinvitados', 1, false);


--
-- Name: seq_preguntasenc; Type: SEQUENCE SET; Schema: sgrh; Owner: suite
--

SELECT pg_catalog.setval('sgrh.seq_preguntasenc', 205, true);


--
-- Name: seq_preguntaseva; Type: SEQUENCE SET; Schema: sgrh; Owner: suite
--

SELECT pg_catalog.setval('sgrh.seq_preguntaseva', 1, false);


--
-- Name: seq_proceso; Type: SEQUENCE SET; Schema: sgrh; Owner: suite
--

SELECT pg_catalog.setval('sgrh.seq_proceso', 8, true);


--
-- Name: seq_puestos; Type: SEQUENCE SET; Schema: sgrh; Owner: suite
--

SELECT pg_catalog.setval('sgrh.seq_puestos', 5, true);


--
-- Name: seq_reglogistica; Type: SEQUENCE SET; Schema: sgrh; Owner: postgres
--

SELECT pg_catalog.setval('sgrh.seq_reglogistica', 1, true);


--
-- Name: seq_respuestasenc; Type: SEQUENCE SET; Schema: sgrh; Owner: suite
--

SELECT pg_catalog.setval('sgrh.seq_respuestasenc', 500, false);


--
-- Name: seq_respuestaseva; Type: SEQUENCE SET; Schema: sgrh; Owner: suite
--

SELECT pg_catalog.setval('sgrh.seq_respuestaseva', 1, false);


--
-- Name: seq_revplanesoperativos; Type: SEQUENCE SET; Schema: sgrh; Owner: suite
--

SELECT pg_catalog.setval('sgrh.seq_revplanesoperativos', 1, false);


--
-- Name: seq_subfactoreseva; Type: SEQUENCE SET; Schema: sgrh; Owner: suite
--

SELECT pg_catalog.setval('sgrh.seq_subfactoreseva', 1, false);


--
-- Name: seq_tiposcapacitaciones; Type: SEQUENCE SET; Schema: sgrh; Owner: suite
--

SELECT pg_catalog.setval('sgrh.seq_tiposcapacitaciones', 14, true);


--
-- Name: seq_validaevaluaciones; Type: SEQUENCE SET; Schema: sgrh; Owner: suite
--

SELECT pg_catalog.setval('sgrh.seq_validaevaluaciones', 1, false);


--
-- Name: seq_agenda; Type: SEQUENCE SET; Schema: sgrt; Owner: suite
--

SELECT pg_catalog.setval('sgrt.seq_agenda', 1, false);


--
-- Name: seq_archivo; Type: SEQUENCE SET; Schema: sgrt; Owner: suite
--

SELECT pg_catalog.setval('sgrt.seq_archivo', 1, false);


--
-- Name: seq_asistente; Type: SEQUENCE SET; Schema: sgrt; Owner: suite
--

SELECT pg_catalog.setval('sgrt.seq_asistente', 1, false);


--
-- Name: seq_attach; Type: SEQUENCE SET; Schema: sgrt; Owner: suite
--

SELECT pg_catalog.setval('sgrt.seq_attach', 1, false);


--
-- Name: seq_categoriafaq; Type: SEQUENCE SET; Schema: sgrt; Owner: suite
--

SELECT pg_catalog.setval('sgrt.seq_categoriafaq', 1, false);


--
-- Name: seq_chat; Type: SEQUENCE SET; Schema: sgrt; Owner: suite
--

SELECT pg_catalog.setval('sgrt.seq_chat', 1, false);


--
-- Name: seq_ciudad; Type: SEQUENCE SET; Schema: sgrt; Owner: suite
--

SELECT pg_catalog.setval('sgrt.seq_ciudad', 11, true);


--
-- Name: seq_comentsagenda; Type: SEQUENCE SET; Schema: sgrt; Owner: suite
--

SELECT pg_catalog.setval('sgrt.seq_comentsagenda', 1, false);


--
-- Name: seq_comentsreunion; Type: SEQUENCE SET; Schema: sgrt; Owner: suite
--

SELECT pg_catalog.setval('sgrt.seq_comentsreunion', 1, false);


--
-- Name: seq_compromiso; Type: SEQUENCE SET; Schema: sgrt; Owner: suite
--

SELECT pg_catalog.setval('sgrt.seq_compromiso', 1, false);


--
-- Name: seq_contacto; Type: SEQUENCE SET; Schema: sgrt; Owner: suite
--

SELECT pg_catalog.setval('sgrt.seq_contacto', 1, false);


--
-- Name: seq_correo; Type: SEQUENCE SET; Schema: sgrt; Owner: suite
--

SELECT pg_catalog.setval('sgrt.seq_correo', 1, false);


--
-- Name: seq_depto; Type: SEQUENCE SET; Schema: sgrt; Owner: suite
--

SELECT pg_catalog.setval('sgrt.seq_depto', 1, false);


--
-- Name: seq_edoacuerdo; Type: SEQUENCE SET; Schema: sgrt; Owner: suite
--

SELECT pg_catalog.setval('sgrt.seq_edoacuerdo', 1, false);


--
-- Name: seq_elemento; Type: SEQUENCE SET; Schema: sgrt; Owner: suite
--

SELECT pg_catalog.setval('sgrt.seq_elemento', 1, false);


--
-- Name: seq_estadorep; Type: SEQUENCE SET; Schema: sgrt; Owner: suite
--

SELECT pg_catalog.setval('sgrt.seq_estadorep', 4, true);


--
-- Name: seq_faq; Type: SEQUENCE SET; Schema: sgrt; Owner: suite
--

SELECT pg_catalog.setval('sgrt.seq_faq', 1, false);


--
-- Name: seq_grupo; Type: SEQUENCE SET; Schema: sgrt; Owner: suite
--

SELECT pg_catalog.setval('sgrt.seq_grupo', 1, false);


--
-- Name: seq_invitado; Type: SEQUENCE SET; Schema: sgrt; Owner: suite
--

SELECT pg_catalog.setval('sgrt.seq_invitado', 1, false);


--
-- Name: seq_lugar; Type: SEQUENCE SET; Schema: sgrt; Owner: suite
--

SELECT pg_catalog.setval('sgrt.seq_lugar', 4, true);


--
-- Name: seq_mensaje; Type: SEQUENCE SET; Schema: sgrt; Owner: suite
--

SELECT pg_catalog.setval('sgrt.seq_mensaje', 1, false);


--
-- Name: seq_nota; Type: SEQUENCE SET; Schema: sgrt; Owner: suite
--

SELECT pg_catalog.setval('sgrt.seq_nota', 1, false);


--
-- Name: seq_plantillacorreo; Type: SEQUENCE SET; Schema: sgrt; Owner: suite
--

SELECT pg_catalog.setval('sgrt.seq_plantillacorreo', 1, false);


--
-- Name: seq_prioridad; Type: SEQUENCE SET; Schema: sgrt; Owner: suite
--

SELECT pg_catalog.setval('sgrt.seq_prioridad', 1, false);


--
-- Name: seq_resp; Type: SEQUENCE SET; Schema: sgrt; Owner: suite
--

SELECT pg_catalog.setval('sgrt.seq_resp', 1, false);


--
-- Name: seq_respuesta; Type: SEQUENCE SET; Schema: sgrt; Owner: suite
--

SELECT pg_catalog.setval('sgrt.seq_respuesta', 1, false);


--
-- Name: seq_respuestas_participantes; Type: SEQUENCE SET; Schema: sgrt; Owner: postgres
--

SELECT pg_catalog.setval('sgrt.seq_respuestas_participantes', 1, false);


--
-- Name: seq_reunion; Type: SEQUENCE SET; Schema: sgrt; Owner: suite
--

SELECT pg_catalog.setval('sgrt.seq_reunion', 1, false);


--
-- Name: seq_servicio; Type: SEQUENCE SET; Schema: sgrt; Owner: suite
--

SELECT pg_catalog.setval('sgrt.seq_servicio', 1, false);


--
-- Name: seq_solicitud; Type: SEQUENCE SET; Schema: sgrt; Owner: suite
--

SELECT pg_catalog.setval('sgrt.seq_solicitud', 1, false);


--
-- Name: seq_ticket; Type: SEQUENCE SET; Schema: sgrt; Owner: suite
--

SELECT pg_catalog.setval('sgrt.seq_ticket', 1, false);


--
-- Name: seq_topico; Type: SEQUENCE SET; Schema: sgrt; Owner: suite
--

SELECT pg_catalog.setval('sgrt.seq_topico', 1, false);


--
-- Name: seq_aceptaciones; Type: SEQUENCE SET; Schema: sisat; Owner: suite
--

SELECT pg_catalog.setval('sisat.seq_aceptaciones', 1, false);


--
-- Name: seq_asignaciones; Type: SEQUENCE SET; Schema: sisat; Owner: suite
--

SELECT pg_catalog.setval('sisat.seq_asignaciones', 1, false);


--
-- Name: seq_candidatos; Type: SEQUENCE SET; Schema: sisat; Owner: suite
--

SELECT pg_catalog.setval('sisat.seq_candidatos', 1, false);


--
-- Name: seq_cartaasignaciones; Type: SEQUENCE SET; Schema: sisat; Owner: suite
--

SELECT pg_catalog.setval('sisat.seq_cartaasignaciones', 1, false);


--
-- Name: seq_cotizaciones; Type: SEQUENCE SET; Schema: sisat; Owner: suite
--

SELECT pg_catalog.setval('sisat.seq_cotizaciones', 1, false);


--
-- Name: seq_cursos; Type: SEQUENCE SET; Schema: sisat; Owner: suite
--

SELECT pg_catalog.setval('sisat.seq_cursos', 1, false);


--
-- Name: seq_entrevistas; Type: SEQUENCE SET; Schema: sisat; Owner: suite
--

SELECT pg_catalog.setval('sisat.seq_entrevistas', 1, false);


--
-- Name: seq_envios; Type: SEQUENCE SET; Schema: sisat; Owner: suite
--

SELECT pg_catalog.setval('sisat.seq_envios', 1, false);


--
-- Name: seq_escolaridad; Type: SEQUENCE SET; Schema: sisat; Owner: suite
--

SELECT pg_catalog.setval('sisat.seq_escolaridad', 1, false);


--
-- Name: seq_experiencias; Type: SEQUENCE SET; Schema: sisat; Owner: suite
--

SELECT pg_catalog.setval('sisat.seq_experiencias', 1, false);


--
-- Name: seq_firmas; Type: SEQUENCE SET; Schema: sisat; Owner: suite
--

SELECT pg_catalog.setval('sisat.seq_firmas', 1, false);


--
-- Name: seq_habilidades; Type: SEQUENCE SET; Schema: sisat; Owner: suite
--

SELECT pg_catalog.setval('sisat.seq_habilidades', 1, false);


--
-- Name: seq_idiomas; Type: SEQUENCE SET; Schema: sisat; Owner: suite
--

SELECT pg_catalog.setval('sisat.seq_idiomas', 1, false);


--
-- Name: seq_ordenservicios; Type: SEQUENCE SET; Schema: sisat; Owner: suite
--

SELECT pg_catalog.setval('sisat.seq_ordenservicios', 1, false);


--
-- Name: seq_prospectos; Type: SEQUENCE SET; Schema: sisat; Owner: suite
--

SELECT pg_catalog.setval('sisat.seq_prospectos', 1, false);


--
-- Name: seq_proyectos; Type: SEQUENCE SET; Schema: sisat; Owner: suite
--

SELECT pg_catalog.setval('sisat.seq_proyectos', 1, false);


--
-- Name: seq_vacantes; Type: SEQUENCE SET; Schema: sisat; Owner: suite
--

SELECT pg_catalog.setval('sisat.seq_vacantes', 1, false);


--
-- Name: tsgcosistemas cod_agenda; Type: CONSTRAINT; Schema: sgco; Owner: suite
--

ALTER TABLE ONLY sgco.tsgcosistemas
    ADD CONSTRAINT cod_agenda UNIQUE (cod_sistema);


--
-- Name: tsgcotipousuario cod_archivo; Type: CONSTRAINT; Schema: sgco; Owner: suite
--

ALTER TABLE ONLY sgco.tsgcotipousuario
    ADD CONSTRAINT cod_archivo UNIQUE (cod_tipousuario);


--
-- Name: tsgcousuarios cod_asistente; Type: CONSTRAINT; Schema: sgco; Owner: suite
--

ALTER TABLE ONLY sgco.tsgcousuarios
    ADD CONSTRAINT cod_asistente UNIQUE (cod_usuario);


--
-- Name: tsgcosistemas tsgcosistemas_pkey; Type: CONSTRAINT; Schema: sgco; Owner: suite
--

ALTER TABLE ONLY sgco.tsgcosistemas
    ADD CONSTRAINT tsgcosistemas_pkey PRIMARY KEY (cod_sistema);


--
-- Name: tsgcotipousuario tsgcotipousuario_pkey; Type: CONSTRAINT; Schema: sgco; Owner: suite
--

ALTER TABLE ONLY sgco.tsgcotipousuario
    ADD CONSTRAINT tsgcotipousuario_pkey PRIMARY KEY (cod_tipousuario);


--
-- Name: tsgcousuarios tsgcousuarios_pkey; Type: CONSTRAINT; Schema: sgco; Owner: suite
--

ALTER TABLE ONLY sgco.tsgcousuarios
    ADD CONSTRAINT tsgcousuarios_pkey PRIMARY KEY (cod_usuario);


--
-- Name: tsgrhcatrespuestas catrespuestas_pkey; Type: CONSTRAINT; Schema: sgrh; Owner: suite
--

ALTER TABLE ONLY sgrh.tsgrhcatrespuestas
    ADD CONSTRAINT catrespuestas_pkey PRIMARY KEY (cod_catrespuesta);


--
-- Name: tsgrhareas tsgrhareas_pkey; Type: CONSTRAINT; Schema: sgrh; Owner: suite
--

ALTER TABLE ONLY sgrh.tsgrhareas
    ADD CONSTRAINT tsgrhareas_pkey PRIMARY KEY (cod_area);


--
-- Name: tsgrhcapacitaciones tsgrhcapacitaciones_pkey; Type: CONSTRAINT; Schema: sgrh; Owner: suite
--

ALTER TABLE ONLY sgrh.tsgrhcapacitaciones
    ADD CONSTRAINT tsgrhcapacitaciones_pkey PRIMARY KEY (cod_capacitacion);


--
-- Name: tsgrhcartaasignacion tsgrhcartaasignacion_pkey; Type: CONSTRAINT; Schema: sgrh; Owner: suite
--

ALTER TABLE ONLY sgrh.tsgrhcartaasignacion
    ADD CONSTRAINT tsgrhcartaasignacion_pkey PRIMARY KEY (cod_asignacion);


--
-- Name: tsgrhclientes tsgrhclientes_des_correocte_key; Type: CONSTRAINT; Schema: sgrh; Owner: suite
--

ALTER TABLE ONLY sgrh.tsgrhclientes
    ADD CONSTRAINT tsgrhclientes_des_correocte_key UNIQUE (des_correocte);


--
-- Name: tsgrhclientes tsgrhclientes_pkey; Type: CONSTRAINT; Schema: sgrh; Owner: suite
--

ALTER TABLE ONLY sgrh.tsgrhclientes
    ADD CONSTRAINT tsgrhclientes_pkey PRIMARY KEY (cod_cliente);


--
-- Name: tsgrhcontrataciones tsgrhcontrataciones_pkey; Type: CONSTRAINT; Schema: sgrh; Owner: suite
--

ALTER TABLE ONLY sgrh.tsgrhcontrataciones
    ADD CONSTRAINT tsgrhcontrataciones_pkey PRIMARY KEY (cod_contratacion);


--
-- Name: tsgrhcontratos tsgrhcontratos_pkey; Type: CONSTRAINT; Schema: sgrh; Owner: suite
--

ALTER TABLE ONLY sgrh.tsgrhcontratos
    ADD CONSTRAINT tsgrhcontratos_pkey PRIMARY KEY (cod_contrato);


--
-- Name: tsgrhempleados tsgrhempleados_pkey; Type: CONSTRAINT; Schema: sgrh; Owner: suite
--

ALTER TABLE ONLY sgrh.tsgrhempleados
    ADD CONSTRAINT tsgrhempleados_pkey PRIMARY KEY (cod_empleado);


--
-- Name: tsgrhencuesta_participantes tsgrhencuesta_participantes_pkey; Type: CONSTRAINT; Schema: sgrh; Owner: suite
--

ALTER TABLE ONLY sgrh.tsgrhencuesta_participantes
    ADD CONSTRAINT tsgrhencuesta_participantes_pkey PRIMARY KEY (cod_participantenc);


--
-- Name: tsgrhencuesta tsgrhencuesta_pkey; Type: CONSTRAINT; Schema: sgrh; Owner: suite
--

ALTER TABLE ONLY sgrh.tsgrhencuesta
    ADD CONSTRAINT tsgrhencuesta_pkey PRIMARY KEY (cod_encuesta);


--
-- Name: tsgrhescolaridad tsgrhescolaridad_pkey; Type: CONSTRAINT; Schema: sgrh; Owner: suite
--

ALTER TABLE ONLY sgrh.tsgrhescolaridad
    ADD CONSTRAINT tsgrhescolaridad_pkey PRIMARY KEY (cod_escolaridad);


--
-- Name: tsgrhevacontestadas tsgrhevacontestadas_pkey; Type: CONSTRAINT; Schema: sgrh; Owner: suite
--

ALTER TABLE ONLY sgrh.tsgrhevacontestadas
    ADD CONSTRAINT tsgrhevacontestadas_pkey PRIMARY KEY (cod_evacontestada);


--
-- Name: tsgrhevaluaciones tsgrhevaluaciones_pkey; Type: CONSTRAINT; Schema: sgrh; Owner: suite
--

ALTER TABLE ONLY sgrh.tsgrhevaluaciones
    ADD CONSTRAINT tsgrhevaluaciones_pkey PRIMARY KEY (cod_evaluacion);


--
-- Name: tsgrhexperienciaslaborales tsgrhexperienciaslaborales_pkey; Type: CONSTRAINT; Schema: sgrh; Owner: suite
--

ALTER TABLE ONLY sgrh.tsgrhexperienciaslaborales
    ADD CONSTRAINT tsgrhexperienciaslaborales_pkey PRIMARY KEY (cod_experiencia);


--
-- Name: tsgrhfactoreseva tsgrhfactoreseva_pkey; Type: CONSTRAINT; Schema: sgrh; Owner: suite
--

ALTER TABLE ONLY sgrh.tsgrhfactoreseva
    ADD CONSTRAINT tsgrhfactoreseva_pkey PRIMARY KEY (cod_factor);


--
-- Name: tsgrhidiomas tsgrhidiomas_pkey; Type: CONSTRAINT; Schema: sgrh; Owner: suite
--

ALTER TABLE ONLY sgrh.tsgrhidiomas
    ADD CONSTRAINT tsgrhidiomas_pkey PRIMARY KEY (cod_idioma);


--
-- Name: tsgrhperfiles tsgrhperfiles_pkey; Type: CONSTRAINT; Schema: sgrh; Owner: suite
--

ALTER TABLE ONLY sgrh.tsgrhperfiles
    ADD CONSTRAINT tsgrhperfiles_pkey PRIMARY KEY (cod_perfil);


--
-- Name: tsgrhplancapacitacion tsgrhplancapacitacion_pkey; Type: CONSTRAINT; Schema: sgrh; Owner: suite
--

ALTER TABLE ONLY sgrh.tsgrhplancapacitacion
    ADD CONSTRAINT tsgrhplancapacitacion_pkey PRIMARY KEY (cod_plancapacitacion);


--
-- Name: tsgrhplaninvitados tsgrhplaninvitados_pkey; Type: CONSTRAINT; Schema: sgrh; Owner: suite
--

ALTER TABLE ONLY sgrh.tsgrhplaninvitados
    ADD CONSTRAINT tsgrhplaninvitados_pkey PRIMARY KEY (cod_planinvitados);


--
-- Name: tsgrhplanoperativo tsgrhplanoperativo_pkey; Type: CONSTRAINT; Schema: sgrh; Owner: suite
--

ALTER TABLE ONLY sgrh.tsgrhplanoperativo
    ADD CONSTRAINT tsgrhplanoperativo_pkey PRIMARY KEY (cod_planoperativo);


--
-- Name: tsgrhpreguntasenc tsgrhpreguntasenc_pkey; Type: CONSTRAINT; Schema: sgrh; Owner: suite
--

ALTER TABLE ONLY sgrh.tsgrhpreguntasenc
    ADD CONSTRAINT tsgrhpreguntasenc_pkey PRIMARY KEY (cod_pregunta);


--
-- Name: tsgrhpreguntaseva tsgrhpreguntaseva_pkey; Type: CONSTRAINT; Schema: sgrh; Owner: suite
--

ALTER TABLE ONLY sgrh.tsgrhpreguntaseva
    ADD CONSTRAINT tsgrhpreguntaseva_pkey PRIMARY KEY (cod_pregunta);


--
-- Name: tsgrhprocesocapacitacion tsgrhproceso_pkey; Type: CONSTRAINT; Schema: sgrh; Owner: suite
--

ALTER TABLE ONLY sgrh.tsgrhprocesocapacitacion
    ADD CONSTRAINT tsgrhproceso_pkey PRIMARY KEY (cod_proceso);


--
-- Name: tsgrhpuestos tsgrhpuestos_pkey; Type: CONSTRAINT; Schema: sgrh; Owner: suite
--

ALTER TABLE ONLY sgrh.tsgrhpuestos
    ADD CONSTRAINT tsgrhpuestos_pkey PRIMARY KEY (cod_puesto);


--
-- Name: tsgrhreglogistica tsgrhreglogistica_cod_capacitacion_key; Type: CONSTRAINT; Schema: sgrh; Owner: postgres
--

ALTER TABLE ONLY sgrh.tsgrhreglogistica
    ADD CONSTRAINT tsgrhreglogistica_cod_capacitacion_key UNIQUE (cod_capacitacion);


--
-- Name: tsgrhreglogistica tsgrhreglogistica_pkey; Type: CONSTRAINT; Schema: sgrh; Owner: postgres
--

ALTER TABLE ONLY sgrh.tsgrhreglogistica
    ADD CONSTRAINT tsgrhreglogistica_pkey PRIMARY KEY (cod_reglogistica);


--
-- Name: tsgrhrespuestasenc tsgrhrespuestasenc_pkey; Type: CONSTRAINT; Schema: sgrh; Owner: suite
--

ALTER TABLE ONLY sgrh.tsgrhrespuestasenc
    ADD CONSTRAINT tsgrhrespuestasenc_pkey PRIMARY KEY (cod_respuesta);


--
-- Name: tsgrhrespuestaseva tsgrhrespuestaseva_pkey; Type: CONSTRAINT; Schema: sgrh; Owner: suite
--

ALTER TABLE ONLY sgrh.tsgrhrespuestaseva
    ADD CONSTRAINT tsgrhrespuestaseva_pkey PRIMARY KEY (cod_respuesta);


--
-- Name: tsgrhrevplanoperativo tsgrhrevplanoperativo_pkey; Type: CONSTRAINT; Schema: sgrh; Owner: suite
--

ALTER TABLE ONLY sgrh.tsgrhrevplanoperativo
    ADD CONSTRAINT tsgrhrevplanoperativo_pkey PRIMARY KEY (cod_revplanoperativo);


--
-- Name: tsgrhsubfactoreseva tsgrhsubfactoreseva_pkey; Type: CONSTRAINT; Schema: sgrh; Owner: suite
--

ALTER TABLE ONLY sgrh.tsgrhsubfactoreseva
    ADD CONSTRAINT tsgrhsubfactoreseva_pkey PRIMARY KEY (cod_subfactor);


--
-- Name: tsgrhtiposcapacitaciones tsgrhtiposcapacitaciones_pkey; Type: CONSTRAINT; Schema: sgrh; Owner: suite
--

ALTER TABLE ONLY sgrh.tsgrhtiposcapacitaciones
    ADD CONSTRAINT tsgrhtiposcapacitaciones_pkey PRIMARY KEY (cod_capacitacion);


--
-- Name: tsgrhvalidaevaluaciondes tsgrhvalidaevaluaciondes_pkey; Type: CONSTRAINT; Schema: sgrh; Owner: suite
--

ALTER TABLE ONLY sgrh.tsgrhvalidaevaluaciondes
    ADD CONSTRAINT tsgrhvalidaevaluaciondes_pkey PRIMARY KEY (cod_validacion);


--
-- Name: tsgrtagenda cod_agenda; Type: CONSTRAINT; Schema: sgrt; Owner: suite
--

ALTER TABLE ONLY sgrt.tsgrtagenda
    ADD CONSTRAINT cod_agenda UNIQUE (cod_agenda);


--
-- Name: tsgrtarchivos cod_archivo; Type: CONSTRAINT; Schema: sgrt; Owner: suite
--

ALTER TABLE ONLY sgrt.tsgrtarchivos
    ADD CONSTRAINT cod_archivo UNIQUE (cod_archivo);


--
-- Name: tsgrtasistentes cod_asistente; Type: CONSTRAINT; Schema: sgrt; Owner: suite
--

ALTER TABLE ONLY sgrt.tsgrtasistentes
    ADD CONSTRAINT cod_asistente UNIQUE (cod_asistente);


--
-- Name: tsgrtattchticket cod_attach; Type: CONSTRAINT; Schema: sgrt; Owner: suite
--

ALTER TABLE ONLY sgrt.tsgrtattchticket
    ADD CONSTRAINT cod_attach UNIQUE (cod_attach);


--
-- Name: tsgrtfaq cod_categofaq; Type: CONSTRAINT; Schema: sgrt; Owner: suite
--

ALTER TABLE ONLY sgrt.tsgrtfaq
    ADD CONSTRAINT cod_categofaq UNIQUE (cod_categoriafaq);


--
-- Name: tsgrtcategoriafaq cod_categoriafaq; Type: CONSTRAINT; Schema: sgrt; Owner: suite
--

ALTER TABLE ONLY sgrt.tsgrtcategoriafaq
    ADD CONSTRAINT cod_categoriafaq UNIQUE (cod_categoriafaq);


--
-- Name: tsgrtcomentariosagenda cod_comentsagenda; Type: CONSTRAINT; Schema: sgrt; Owner: suite
--

ALTER TABLE ONLY sgrt.tsgrtcomentariosagenda
    ADD CONSTRAINT cod_comentsagenda UNIQUE (cod_comentsagenda);


--
-- Name: tsgrtcorreo cod_correo; Type: CONSTRAINT; Schema: sgrt; Owner: suite
--

ALTER TABLE ONLY sgrt.tsgrtcorreo
    ADD CONSTRAINT cod_correo UNIQUE (cod_correo);


--
-- Name: tsgrtdatossolicitud cod_datosolicitud; Type: CONSTRAINT; Schema: sgrt; Owner: suite
--

ALTER TABLE ONLY sgrt.tsgrtdatossolicitud
    ADD CONSTRAINT cod_datosolicitud UNIQUE (cod_datosolicitud);


--
-- Name: tsgrtdepartamento cod_depto; Type: CONSTRAINT; Schema: sgrt; Owner: suite
--

ALTER TABLE ONLY sgrt.tsgrtdepartamento
    ADD CONSTRAINT cod_depto UNIQUE (cod_depto);


--
-- Name: tsgrtticket cod_deptoticket; Type: CONSTRAINT; Schema: sgrt; Owner: suite
--

ALTER TABLE ONLY sgrt.tsgrtticket
    ADD CONSTRAINT cod_deptoticket UNIQUE (cod_depto);


--
-- Name: tsgrtedosolicitudes cod_edosolicitud; Type: CONSTRAINT; Schema: sgrt; Owner: suite
--

ALTER TABLE ONLY sgrt.tsgrtedosolicitudes
    ADD CONSTRAINT cod_edosolicitud UNIQUE (cod_edosolicitud);


--
-- Name: tsgrtelementos cod_elemento; Type: CONSTRAINT; Schema: sgrt; Owner: suite
--

ALTER TABLE ONLY sgrt.tsgrtelementos
    ADD CONSTRAINT cod_elemento UNIQUE (cod_elemento);


--
-- Name: tsgrtticket cod_empleado; Type: CONSTRAINT; Schema: sgrt; Owner: suite
--

ALTER TABLE ONLY sgrt.tsgrtticket
    ADD CONSTRAINT cod_empleado UNIQUE (cod_empleado);


--
-- Name: tsgrtestados cod_estadorep; Type: CONSTRAINT; Schema: sgrt; Owner: suite
--

ALTER TABLE ONLY sgrt.tsgrtestados
    ADD CONSTRAINT cod_estadorep UNIQUE (cod_estadorep);


--
-- Name: tsgrtfaq cod_faq; Type: CONSTRAINT; Schema: sgrt; Owner: suite
--

ALTER TABLE ONLY sgrt.tsgrtfaq
    ADD CONSTRAINT cod_faq UNIQUE (cod_faq);


--
-- Name: tsgrtgrupo cod_grupo; Type: CONSTRAINT; Schema: sgrt; Owner: suite
--

ALTER TABLE ONLY sgrt.tsgrtgrupo
    ADD CONSTRAINT cod_grupo UNIQUE (cod_grupo);


--
-- Name: tsgrtinvitados cod_invitado; Type: CONSTRAINT; Schema: sgrt; Owner: suite
--

ALTER TABLE ONLY sgrt.tsgrtinvitados
    ADD CONSTRAINT cod_invitado UNIQUE (cod_invitado);


--
-- Name: tsgrtlugares cod_lugar; Type: CONSTRAINT; Schema: sgrt; Owner: suite
--

ALTER TABLE ONLY sgrt.tsgrtlugares
    ADD CONSTRAINT cod_lugar UNIQUE (cod_lugar);


--
-- Name: tsgrtmsjticket cod_mensaje; Type: CONSTRAINT; Schema: sgrt; Owner: suite
--

ALTER TABLE ONLY sgrt.tsgrtmsjticket
    ADD CONSTRAINT cod_mensaje UNIQUE (cod_mensaje);


--
-- Name: tsgrtnota cod_nota; Type: CONSTRAINT; Schema: sgrt; Owner: suite
--

ALTER TABLE ONLY sgrt.tsgrtnota
    ADD CONSTRAINT cod_nota UNIQUE (cod_nota);


--
-- Name: tsgrtplantillacorreos cod_plantillacorreo; Type: CONSTRAINT; Schema: sgrt; Owner: suite
--

ALTER TABLE ONLY sgrt.tsgrtplantillacorreos
    ADD CONSTRAINT cod_plantillacorreo UNIQUE (cod_plantillacorreo);


--
-- Name: tsgrtprioridad cod_prioridad; Type: CONSTRAINT; Schema: sgrt; Owner: suite
--

ALTER TABLE ONLY sgrt.tsgrtprioridad
    ADD CONSTRAINT cod_prioridad UNIQUE (cod_prioridad);


--
-- Name: tsgrtrespuesta cod_respuesta; Type: CONSTRAINT; Schema: sgrt; Owner: suite
--

ALTER TABLE ONLY sgrt.tsgrtrespuesta
    ADD CONSTRAINT cod_respuesta UNIQUE (cod_respuesta);


--
-- Name: tsgrtresppredefinida cod_respuestapredf; Type: CONSTRAINT; Schema: sgrt; Owner: suite
--

ALTER TABLE ONLY sgrt.tsgrtresppredefinida
    ADD CONSTRAINT cod_respuestapredf UNIQUE (cod_respuesta);


--
-- Name: tsgrtarchivos cod_reunionarchivos; Type: CONSTRAINT; Schema: sgrt; Owner: suite
--

ALTER TABLE ONLY sgrt.tsgrtarchivos
    ADD CONSTRAINT cod_reunionarchivos UNIQUE (cod_reunion);


--
-- Name: tsgrtreuniones cod_reuniones; Type: CONSTRAINT; Schema: sgrt; Owner: suite
--

ALTER TABLE ONLY sgrt.tsgrtreuniones
    ADD CONSTRAINT cod_reuniones UNIQUE (cod_reunion);


--
-- Name: tsgrtservicios cod_servicio; Type: CONSTRAINT; Schema: sgrt; Owner: suite
--

ALTER TABLE ONLY sgrt.tsgrtservicios
    ADD CONSTRAINT cod_servicio UNIQUE (cod_servicio);


--
-- Name: tsgrtsolicitudservicios cod_solicitud; Type: CONSTRAINT; Schema: sgrt; Owner: suite
--

ALTER TABLE ONLY sgrt.tsgrtsolicitudservicios
    ADD CONSTRAINT cod_solicitud UNIQUE (cod_solicitud);


--
-- Name: tsgrtticket cod_ticket; Type: CONSTRAINT; Schema: sgrt; Owner: suite
--

ALTER TABLE ONLY sgrt.tsgrtticket
    ADD CONSTRAINT cod_ticket UNIQUE (cod_ticket);


--
-- Name: tsgrtattchticket cod_ticketattach; Type: CONSTRAINT; Schema: sgrt; Owner: suite
--

ALTER TABLE ONLY sgrt.tsgrtattchticket
    ADD CONSTRAINT cod_ticketattach UNIQUE (cod_ticket);


--
-- Name: tsgrtayudatopico cod_topico; Type: CONSTRAINT; Schema: sgrt; Owner: suite
--

ALTER TABLE ONLY sgrt.tsgrtayudatopico
    ADD CONSTRAINT cod_topico UNIQUE (cod_topico);


--
-- Name: tsgrtagenda tsgrtagenda_pkey; Type: CONSTRAINT; Schema: sgrt; Owner: suite
--

ALTER TABLE ONLY sgrt.tsgrtagenda
    ADD CONSTRAINT tsgrtagenda_pkey PRIMARY KEY (cod_agenda);


--
-- Name: tsgrtarchivos tsgrtarchivos_pkey; Type: CONSTRAINT; Schema: sgrt; Owner: suite
--

ALTER TABLE ONLY sgrt.tsgrtarchivos
    ADD CONSTRAINT tsgrtarchivos_pkey PRIMARY KEY (cod_archivo);


--
-- Name: tsgrtasistentes tsgrtasistentes_pkey; Type: CONSTRAINT; Schema: sgrt; Owner: suite
--

ALTER TABLE ONLY sgrt.tsgrtasistentes
    ADD CONSTRAINT tsgrtasistentes_pkey PRIMARY KEY (cod_asistente);


--
-- Name: tsgrtattchticket tsgrtattchticket_pkey; Type: CONSTRAINT; Schema: sgrt; Owner: suite
--

ALTER TABLE ONLY sgrt.tsgrtattchticket
    ADD CONSTRAINT tsgrtattchticket_pkey PRIMARY KEY (cod_attach);


--
-- Name: tsgrtayudatopico tsgrtayudatopico_des_topico_key; Type: CONSTRAINT; Schema: sgrt; Owner: suite
--

ALTER TABLE ONLY sgrt.tsgrtayudatopico
    ADD CONSTRAINT tsgrtayudatopico_des_topico_key UNIQUE (des_topico);


--
-- Name: tsgrtayudatopico tsgrtayudatopico_pkey; Type: CONSTRAINT; Schema: sgrt; Owner: suite
--

ALTER TABLE ONLY sgrt.tsgrtayudatopico
    ADD CONSTRAINT tsgrtayudatopico_pkey PRIMARY KEY (cod_topico);


--
-- Name: tsgrtcategoriafaq tsgrtcategoriafaq_pkey; Type: CONSTRAINT; Schema: sgrt; Owner: suite
--

ALTER TABLE ONLY sgrt.tsgrtcategoriafaq
    ADD CONSTRAINT tsgrtcategoriafaq_pkey PRIMARY KEY (cod_categoriafaq);


--
-- Name: tsgrtchat tsgrtchat_pkey; Type: CONSTRAINT; Schema: sgrt; Owner: suite
--

ALTER TABLE ONLY sgrt.tsgrtchat
    ADD CONSTRAINT tsgrtchat_pkey PRIMARY KEY (cod_chat);


--
-- Name: tsgrtciudades tsgrtciudades_pkey; Type: CONSTRAINT; Schema: sgrt; Owner: suite
--

ALTER TABLE ONLY sgrt.tsgrtciudades
    ADD CONSTRAINT tsgrtciudades_pkey PRIMARY KEY (cod_ciudad);


--
-- Name: tsgrtcomentariosagenda tsgrtcomentariosagenda_pkey; Type: CONSTRAINT; Schema: sgrt; Owner: suite
--

ALTER TABLE ONLY sgrt.tsgrtcomentariosagenda
    ADD CONSTRAINT tsgrtcomentariosagenda_pkey PRIMARY KEY (cod_comentsagenda);


--
-- Name: tsgrtcomentariosreunion tsgrtcomentariosreunion_pkey; Type: CONSTRAINT; Schema: sgrt; Owner: suite
--

ALTER TABLE ONLY sgrt.tsgrtcomentariosreunion
    ADD CONSTRAINT tsgrtcomentariosreunion_pkey PRIMARY KEY (cod_commentsreunion);


--
-- Name: tsgrtcompromisos tsgrtcompromisos_pkey; Type: CONSTRAINT; Schema: sgrt; Owner: suite
--

ALTER TABLE ONLY sgrt.tsgrtcompromisos
    ADD CONSTRAINT tsgrtcompromisos_pkey PRIMARY KEY (cod_compromiso);


--
-- Name: tsgrtcorreo tsgrtcorreo_des_correo_key; Type: CONSTRAINT; Schema: sgrt; Owner: suite
--

ALTER TABLE ONLY sgrt.tsgrtcorreo
    ADD CONSTRAINT tsgrtcorreo_des_correo_key UNIQUE (des_correo);


--
-- Name: tsgrtcorreo tsgrtcorreo_pkey; Type: CONSTRAINT; Schema: sgrt; Owner: suite
--

ALTER TABLE ONLY sgrt.tsgrtcorreo
    ADD CONSTRAINT tsgrtcorreo_pkey PRIMARY KEY (cod_correo);


--
-- Name: tsgrtdatossolicitud tsgrtdatossolicitud_pkey; Type: CONSTRAINT; Schema: sgrt; Owner: suite
--

ALTER TABLE ONLY sgrt.tsgrtdatossolicitud
    ADD CONSTRAINT tsgrtdatossolicitud_pkey PRIMARY KEY (cod_datosolicitud);


--
-- Name: tsgrtdepartamento tsgrtdepartamento_des_nombre_key; Type: CONSTRAINT; Schema: sgrt; Owner: suite
--

ALTER TABLE ONLY sgrt.tsgrtdepartamento
    ADD CONSTRAINT tsgrtdepartamento_des_nombre_key UNIQUE (des_nombre);


--
-- Name: tsgrtdepartamento tsgrtdepartamento_pkey; Type: CONSTRAINT; Schema: sgrt; Owner: suite
--

ALTER TABLE ONLY sgrt.tsgrtdepartamento
    ADD CONSTRAINT tsgrtdepartamento_pkey PRIMARY KEY (cod_depto);


--
-- Name: tsgrtedosolicitudes tsgrtedosolicitudes_pkey; Type: CONSTRAINT; Schema: sgrt; Owner: suite
--

ALTER TABLE ONLY sgrt.tsgrtedosolicitudes
    ADD CONSTRAINT tsgrtedosolicitudes_pkey PRIMARY KEY (cod_edosolicitud);


--
-- Name: tsgrtelementos tsgrtelementos_pkey; Type: CONSTRAINT; Schema: sgrt; Owner: suite
--

ALTER TABLE ONLY sgrt.tsgrtelementos
    ADD CONSTRAINT tsgrtelementos_pkey PRIMARY KEY (cod_elemento);


--
-- Name: tsgrtestados tsgrtestados_pkey; Type: CONSTRAINT; Schema: sgrt; Owner: suite
--

ALTER TABLE ONLY sgrt.tsgrtestados
    ADD CONSTRAINT tsgrtestados_pkey PRIMARY KEY (cod_estadorep);


--
-- Name: tsgrtfaq tsgrtfaq_pkey; Type: CONSTRAINT; Schema: sgrt; Owner: suite
--

ALTER TABLE ONLY sgrt.tsgrtfaq
    ADD CONSTRAINT tsgrtfaq_pkey PRIMARY KEY (cod_faq);


--
-- Name: tsgrtgrupo tsgrtgrupo_pkey; Type: CONSTRAINT; Schema: sgrt; Owner: suite
--

ALTER TABLE ONLY sgrt.tsgrtgrupo
    ADD CONSTRAINT tsgrtgrupo_pkey PRIMARY KEY (cod_grupo);


--
-- Name: tsgrtinvitados tsgrtinvitados_pkey; Type: CONSTRAINT; Schema: sgrt; Owner: suite
--

ALTER TABLE ONLY sgrt.tsgrtinvitados
    ADD CONSTRAINT tsgrtinvitados_pkey PRIMARY KEY (cod_invitado);


--
-- Name: tsgrtlugares tsgrtlugares_pkey; Type: CONSTRAINT; Schema: sgrt; Owner: suite
--

ALTER TABLE ONLY sgrt.tsgrtlugares
    ADD CONSTRAINT tsgrtlugares_pkey PRIMARY KEY (cod_lugar);


--
-- Name: tsgrtmsjticket tsgrtmsjticket_pkey; Type: CONSTRAINT; Schema: sgrt; Owner: suite
--

ALTER TABLE ONLY sgrt.tsgrtmsjticket
    ADD CONSTRAINT tsgrtmsjticket_pkey PRIMARY KEY (cod_mensaje);


--
-- Name: tsgrtnota tsgrtnota_pkey; Type: CONSTRAINT; Schema: sgrt; Owner: suite
--

ALTER TABLE ONLY sgrt.tsgrtnota
    ADD CONSTRAINT tsgrtnota_pkey PRIMARY KEY (cod_nota);


--
-- Name: tsgrtplantillacorreos tsgrtplantillacorreos_pkey; Type: CONSTRAINT; Schema: sgrt; Owner: suite
--

ALTER TABLE ONLY sgrt.tsgrtplantillacorreos
    ADD CONSTRAINT tsgrtplantillacorreos_pkey PRIMARY KEY (cod_plantillacorreo);


--
-- Name: tsgrtprioridad tsgrtprioridad_des_nombre_key; Type: CONSTRAINT; Schema: sgrt; Owner: suite
--

ALTER TABLE ONLY sgrt.tsgrtprioridad
    ADD CONSTRAINT tsgrtprioridad_des_nombre_key UNIQUE (des_nombre);


--
-- Name: tsgrtprioridad tsgrtprioridad_pkey; Type: CONSTRAINT; Schema: sgrt; Owner: suite
--

ALTER TABLE ONLY sgrt.tsgrtprioridad
    ADD CONSTRAINT tsgrtprioridad_pkey PRIMARY KEY (cod_prioridad);


--
-- Name: tsgrtresppredefinida tsgrtresppredefinida_des_titulo_key; Type: CONSTRAINT; Schema: sgrt; Owner: suite
--

ALTER TABLE ONLY sgrt.tsgrtresppredefinida
    ADD CONSTRAINT tsgrtresppredefinida_des_titulo_key UNIQUE (des_titulo);


--
-- Name: tsgrtresppredefinida tsgrtresppredefinida_pkey; Type: CONSTRAINT; Schema: sgrt; Owner: suite
--

ALTER TABLE ONLY sgrt.tsgrtresppredefinida
    ADD CONSTRAINT tsgrtresppredefinida_pkey PRIMARY KEY (cod_respuesta);


--
-- Name: tsgrtrespuesta tsgrtrespuesta_pkey; Type: CONSTRAINT; Schema: sgrt; Owner: suite
--

ALTER TABLE ONLY sgrt.tsgrtrespuesta
    ADD CONSTRAINT tsgrtrespuesta_pkey PRIMARY KEY (cod_respuesta);


--
-- Name: tsgrtreuniones tsgrtreuniones_pkey; Type: CONSTRAINT; Schema: sgrt; Owner: suite
--

ALTER TABLE ONLY sgrt.tsgrtreuniones
    ADD CONSTRAINT tsgrtreuniones_pkey PRIMARY KEY (cod_reunion);


--
-- Name: tsgrtservicios tsgrtservicios_pkey; Type: CONSTRAINT; Schema: sgrt; Owner: suite
--

ALTER TABLE ONLY sgrt.tsgrtservicios
    ADD CONSTRAINT tsgrtservicios_pkey PRIMARY KEY (cod_servicio);


--
-- Name: tsgrtsolicitudservicios tsgrtsolicitudservicios_pkey; Type: CONSTRAINT; Schema: sgrt; Owner: suite
--

ALTER TABLE ONLY sgrt.tsgrtsolicitudservicios
    ADD CONSTRAINT tsgrtsolicitudservicios_pkey PRIMARY KEY (cod_solicitud);


--
-- Name: tsgrtticket tsgrtticket_des_correo_key; Type: CONSTRAINT; Schema: sgrt; Owner: suite
--

ALTER TABLE ONLY sgrt.tsgrtticket
    ADD CONSTRAINT tsgrtticket_des_correo_key UNIQUE (des_correo);


--
-- Name: tsgrtticket tsgrtticket_des_folio_key; Type: CONSTRAINT; Schema: sgrt; Owner: suite
--

ALTER TABLE ONLY sgrt.tsgrtticket
    ADD CONSTRAINT tsgrtticket_des_folio_key UNIQUE (des_folio);


--
-- Name: tsgrtticket tsgrtticket_pkey; Type: CONSTRAINT; Schema: sgrt; Owner: suite
--

ALTER TABLE ONLY sgrt.tsgrtticket
    ADD CONSTRAINT tsgrtticket_pkey PRIMARY KEY (cod_ticket);


--
-- Name: tsgrtcompromisos unique_cod_chat; Type: CONSTRAINT; Schema: sgrt; Owner: suite
--

ALTER TABLE ONLY sgrt.tsgrtcompromisos
    ADD CONSTRAINT unique_cod_chat UNIQUE (cod_chat);


--
-- Name: tsisatasignaciones tsisatasignaciones_pkey; Type: CONSTRAINT; Schema: sisat; Owner: suite
--

ALTER TABLE ONLY sisat.tsisatasignaciones
    ADD CONSTRAINT tsisatasignaciones_pkey PRIMARY KEY (cod_asignacion);


--
-- Name: tsisatcandidatos tsisatcandidatos_pkey; Type: CONSTRAINT; Schema: sisat; Owner: suite
--

ALTER TABLE ONLY sisat.tsisatcandidatos
    ADD CONSTRAINT tsisatcandidatos_pkey PRIMARY KEY (cod_candidato);


--
-- Name: tsisatcartaaceptacion tsisatcartaaceptacion_pkey; Type: CONSTRAINT; Schema: sisat; Owner: suite
--

ALTER TABLE ONLY sisat.tsisatcartaaceptacion
    ADD CONSTRAINT tsisatcartaaceptacion_pkey PRIMARY KEY (cod_aceptacion);


--
-- Name: tsisatcartaasignacion tsisatcartaasignacion_pkey; Type: CONSTRAINT; Schema: sisat; Owner: suite
--

ALTER TABLE ONLY sisat.tsisatcartaasignacion
    ADD CONSTRAINT tsisatcartaasignacion_pkey PRIMARY KEY (cod_asignacion);


--
-- Name: tsisatcotizaciones tsisatcotizaciones_pkey; Type: CONSTRAINT; Schema: sisat; Owner: suite
--

ALTER TABLE ONLY sisat.tsisatcotizaciones
    ADD CONSTRAINT tsisatcotizaciones_pkey PRIMARY KEY (cod_cotizacion);


--
-- Name: tsisatcursosycerticados tsisatcursosycerticados_pkey; Type: CONSTRAINT; Schema: sisat; Owner: suite
--

ALTER TABLE ONLY sisat.tsisatcursosycerticados
    ADD CONSTRAINT tsisatcursosycerticados_pkey PRIMARY KEY (cod_curso);


--
-- Name: tsisatentrevistas tsisatentrevistas_pkey; Type: CONSTRAINT; Schema: sisat; Owner: suite
--

ALTER TABLE ONLY sisat.tsisatentrevistas
    ADD CONSTRAINT tsisatentrevistas_pkey PRIMARY KEY (cod_entrevista);


--
-- Name: tsisatenviocorreos tsisatenviocorreos_pkey; Type: CONSTRAINT; Schema: sisat; Owner: suite
--

ALTER TABLE ONLY sisat.tsisatenviocorreos
    ADD CONSTRAINT tsisatenviocorreos_pkey PRIMARY KEY (cod_envio);


--
-- Name: tsisatescolaridad tsisatescolaridad_pkey; Type: CONSTRAINT; Schema: sisat; Owner: suite
--

ALTER TABLE ONLY sisat.tsisatescolaridad
    ADD CONSTRAINT tsisatescolaridad_pkey PRIMARY KEY (cod_escolaridad);


--
-- Name: tsisatexperienciaslaborales tsisatexperienciaslaborales_pkey; Type: CONSTRAINT; Schema: sisat; Owner: suite
--

ALTER TABLE ONLY sisat.tsisatexperienciaslaborales
    ADD CONSTRAINT tsisatexperienciaslaborales_pkey PRIMARY KEY (cod_experiencia);


--
-- Name: tsisatfirmas tsisatfirmas_pkey; Type: CONSTRAINT; Schema: sisat; Owner: suite
--

ALTER TABLE ONLY sisat.tsisatfirmas
    ADD CONSTRAINT tsisatfirmas_pkey PRIMARY KEY (cod_firma);


--
-- Name: tsisathabilidades tsisathabilidades_pkey; Type: CONSTRAINT; Schema: sisat; Owner: suite
--

ALTER TABLE ONLY sisat.tsisathabilidades
    ADD CONSTRAINT tsisathabilidades_pkey PRIMARY KEY (cod_habilidad);


--
-- Name: tsisatidiomas tsisatidiomas_pkey; Type: CONSTRAINT; Schema: sisat; Owner: suite
--

ALTER TABLE ONLY sisat.tsisatidiomas
    ADD CONSTRAINT tsisatidiomas_pkey PRIMARY KEY (cod_idioma);


--
-- Name: tsisatordenservicio tsisatordenservicio_pkey; Type: CONSTRAINT; Schema: sisat; Owner: suite
--

ALTER TABLE ONLY sisat.tsisatordenservicio
    ADD CONSTRAINT tsisatordenservicio_pkey PRIMARY KEY (cod_ordenservicio);


--
-- Name: tsisatprospectos tsisatprospectos_pkey; Type: CONSTRAINT; Schema: sisat; Owner: suite
--

ALTER TABLE ONLY sisat.tsisatprospectos
    ADD CONSTRAINT tsisatprospectos_pkey PRIMARY KEY (cod_prospecto);


--
-- Name: tsisatproyectos tsisatproyectos_pkey; Type: CONSTRAINT; Schema: sisat; Owner: suite
--

ALTER TABLE ONLY sisat.tsisatproyectos
    ADD CONSTRAINT tsisatproyectos_pkey PRIMARY KEY (cod_proyecto);


--
-- Name: tsisatvacantes tsisatvacantes_pkey; Type: CONSTRAINT; Schema: sisat; Owner: suite
--

ALTER TABLE ONLY sisat.tsisatvacantes
    ADD CONSTRAINT tsisatvacantes_pkey PRIMARY KEY (cod_vacante);


--
-- Name: fki_fk_cod_chat; Type: INDEX; Schema: sgrt; Owner: suite
--

CREATE INDEX fki_fk_cod_chat ON sgrt.tsgrtcompromisos USING btree (cod_chat);


--
-- Name: fki_fk_cod_empleado; Type: INDEX; Schema: sgrt; Owner: suite
--

CREATE INDEX fki_fk_cod_empleado ON sgrt.tsgrtinvitados USING btree (cod_empleado);


--
-- Name: fki_fk_cod_invitado; Type: INDEX; Schema: sgrt; Owner: suite
--

CREATE INDEX fki_fk_cod_invitado ON sgrt.tsgrtcomentariosreunion USING btree (cod_invitado);


--
-- Name: fki_fk_cod_invitados; Type: INDEX; Schema: sgrt; Owner: suite
--

CREATE INDEX fki_fk_cod_invitados ON sgrt.tsgrtcomentariosagenda USING btree (cod_invitado);


--
-- Name: tsgrhencuesta tg_actualizarfecha; Type: TRIGGER; Schema: sgrh; Owner: suite
--

CREATE TRIGGER tg_actualizarfecha BEFORE UPDATE ON sgrh.tsgrhencuesta FOR EACH ROW EXECUTE PROCEDURE sgrh.factualizarfecha();


--
-- Name: tsgcousuarios fk_cod_empleado; Type: FK CONSTRAINT; Schema: sgco; Owner: suite
--

ALTER TABLE ONLY sgco.tsgcousuarios
    ADD CONSTRAINT fk_cod_empleado FOREIGN KEY (cod_empleado) REFERENCES sgrh.tsgrhempleados(cod_empleado);


--
-- Name: tsgrhcartaasignacion fk_cod_ape; Type: FK CONSTRAINT; Schema: sgrh; Owner: suite
--

ALTER TABLE ONLY sgrh.tsgrhcartaasignacion
    ADD CONSTRAINT fk_cod_ape FOREIGN KEY (cod_ape) REFERENCES sgrh.tsgrhempleados(cod_empleado) ON UPDATE CASCADE ON DELETE CASCADE;


--
-- Name: tsgrhempleados fk_cod_area; Type: FK CONSTRAINT; Schema: sgrh; Owner: suite
--

ALTER TABLE ONLY sgrh.tsgrhempleados
    ADD CONSTRAINT fk_cod_area FOREIGN KEY (cod_area) REFERENCES sgrh.tsgrhareas(cod_area) ON UPDATE CASCADE ON DELETE CASCADE;


--
-- Name: tsgrhpuestos fk_cod_area; Type: FK CONSTRAINT; Schema: sgrh; Owner: suite
--

ALTER TABLE ONLY sgrh.tsgrhpuestos
    ADD CONSTRAINT fk_cod_area FOREIGN KEY (cod_area) REFERENCES sgrh.tsgrhareas(cod_area) ON UPDATE CASCADE ON DELETE CASCADE;


--
-- Name: tsgrhreglogistica fk_cod_capacitacion; Type: FK CONSTRAINT; Schema: sgrh; Owner: postgres
--

ALTER TABLE ONLY sgrh.tsgrhreglogistica
    ADD CONSTRAINT fk_cod_capacitacion FOREIGN KEY (cod_capacitacion) REFERENCES sgrh.tsgrhplancapacitacion(cod_plancapacitacion);


--
-- Name: tsgrhrespuestasenc fk_cod_catrespuesta; Type: FK CONSTRAINT; Schema: sgrh; Owner: suite
--

ALTER TABLE ONLY sgrh.tsgrhrespuestasenc
    ADD CONSTRAINT fk_cod_catrespuesta FOREIGN KEY (cod_catrespuesta) REFERENCES sgrh.tsgrhcatrespuestas(cod_catrespuesta);


--
-- Name: tsgrhcartaasignacion fk_cod_cliente; Type: FK CONSTRAINT; Schema: sgrh; Owner: suite
--

ALTER TABLE ONLY sgrh.tsgrhcartaasignacion
    ADD CONSTRAINT fk_cod_cliente FOREIGN KEY (cod_cliente) REFERENCES sgrh.tsgrhclientes(cod_cliente) ON UPDATE CASCADE ON DELETE CASCADE;


--
-- Name: tsgrhempleados fk_cod_creadopor; Type: FK CONSTRAINT; Schema: sgrh; Owner: suite
--

ALTER TABLE ONLY sgrh.tsgrhempleados
    ADD CONSTRAINT fk_cod_creadopor FOREIGN KEY (cod_creadopor) REFERENCES sgrh.tsgrhempleados(cod_empleado) ON UPDATE CASCADE ON DELETE CASCADE;


--
-- Name: tsgrhcontratos fk_cod_creadopor; Type: FK CONSTRAINT; Schema: sgrh; Owner: suite
--

ALTER TABLE ONLY sgrh.tsgrhcontratos
    ADD CONSTRAINT fk_cod_creadopor FOREIGN KEY (cod_creadopor) REFERENCES sgrh.tsgrhempleados(cod_empleado) ON UPDATE CASCADE ON DELETE CASCADE;


--
-- Name: tsgrhcontrataciones fk_cod_creadopor; Type: FK CONSTRAINT; Schema: sgrh; Owner: suite
--

ALTER TABLE ONLY sgrh.tsgrhcontrataciones
    ADD CONSTRAINT fk_cod_creadopor FOREIGN KEY (cod_creadopor) REFERENCES sgrh.tsgrhempleados(cod_empleado) ON UPDATE CASCADE ON DELETE CASCADE;


--
-- Name: tsgrhencuesta fk_cod_creadopor; Type: FK CONSTRAINT; Schema: sgrh; Owner: suite
--

ALTER TABLE ONLY sgrh.tsgrhencuesta
    ADD CONSTRAINT fk_cod_creadopor FOREIGN KEY (cod_creadopor) REFERENCES sgrh.tsgrhempleados(cod_empleado) ON UPDATE CASCADE ON DELETE CASCADE;


--
-- Name: tsgrhevaluaciones fk_cod_creadopor; Type: FK CONSTRAINT; Schema: sgrh; Owner: suite
--

ALTER TABLE ONLY sgrh.tsgrhevaluaciones
    ADD CONSTRAINT fk_cod_creadopor FOREIGN KEY (cod_creadopor) REFERENCES sgrh.tsgrhempleados(cod_empleado) ON UPDATE CASCADE ON DELETE CASCADE;


--
-- Name: tsgrhplanoperativo fk_cod_creadopor; Type: FK CONSTRAINT; Schema: sgrh; Owner: suite
--

ALTER TABLE ONLY sgrh.tsgrhplanoperativo
    ADD CONSTRAINT fk_cod_creadopor FOREIGN KEY (cod_creadopor) REFERENCES sgrh.tsgrhempleados(cod_empleado) ON UPDATE CASCADE ON DELETE CASCADE;


--
-- Name: tsgrhrevplanoperativo fk_cod_creadopor; Type: FK CONSTRAINT; Schema: sgrh; Owner: suite
--

ALTER TABLE ONLY sgrh.tsgrhrevplanoperativo
    ADD CONSTRAINT fk_cod_creadopor FOREIGN KEY (cod_creadopor) REFERENCES sgrh.tsgrhempleados(cod_empleado) ON UPDATE CASCADE ON DELETE CASCADE;


--
-- Name: tsgrhcartaasignacion fk_cod_creadopor; Type: FK CONSTRAINT; Schema: sgrh; Owner: suite
--

ALTER TABLE ONLY sgrh.tsgrhcartaasignacion
    ADD CONSTRAINT fk_cod_creadopor FOREIGN KEY (cod_creadopor) REFERENCES sgrh.tsgrhempleados(cod_empleado) ON UPDATE CASCADE ON DELETE CASCADE;


--
-- Name: tsgrhplancapacitacion fk_cod_creadopor; Type: FK CONSTRAINT; Schema: sgrh; Owner: suite
--

ALTER TABLE ONLY sgrh.tsgrhplancapacitacion
    ADD CONSTRAINT fk_cod_creadopor FOREIGN KEY (cod_creadopor) REFERENCES sgrh.tsgrhempleados(cod_empleado) ON UPDATE CASCADE ON DELETE CASCADE;


--
-- Name: tsgrhexperienciaslaborales fk_cod_empleado; Type: FK CONSTRAINT; Schema: sgrh; Owner: suite
--

ALTER TABLE ONLY sgrh.tsgrhexperienciaslaborales
    ADD CONSTRAINT fk_cod_empleado FOREIGN KEY (cod_empleado) REFERENCES sgrh.tsgrhempleados(cod_empleado) ON UPDATE CASCADE ON DELETE CASCADE;


--
-- Name: tsgrhescolaridad fk_cod_empleado; Type: FK CONSTRAINT; Schema: sgrh; Owner: suite
--

ALTER TABLE ONLY sgrh.tsgrhescolaridad
    ADD CONSTRAINT fk_cod_empleado FOREIGN KEY (cod_empleado) REFERENCES sgrh.tsgrhempleados(cod_empleado) ON UPDATE CASCADE ON DELETE CASCADE;


--
-- Name: tsgrhcapacitaciones fk_cod_empleado; Type: FK CONSTRAINT; Schema: sgrh; Owner: suite
--

ALTER TABLE ONLY sgrh.tsgrhcapacitaciones
    ADD CONSTRAINT fk_cod_empleado FOREIGN KEY (cod_empleado) REFERENCES sgrh.tsgrhempleados(cod_empleado) ON UPDATE CASCADE ON DELETE CASCADE;


--
-- Name: tsgrhcartaasignacion fk_cod_empleado; Type: FK CONSTRAINT; Schema: sgrh; Owner: suite
--

ALTER TABLE ONLY sgrh.tsgrhcartaasignacion
    ADD CONSTRAINT fk_cod_empleado FOREIGN KEY (cod_empleado) REFERENCES sgrh.tsgrhempleados(cod_empleado) ON UPDATE CASCADE ON DELETE CASCADE;


--
-- Name: tsgrhpreguntasenc fk_cod_encuesta; Type: FK CONSTRAINT; Schema: sgrh; Owner: suite
--

ALTER TABLE ONLY sgrh.tsgrhpreguntasenc
    ADD CONSTRAINT fk_cod_encuesta FOREIGN KEY (cod_encuesta) REFERENCES sgrh.tsgrhencuesta(cod_encuesta) ON UPDATE CASCADE ON DELETE CASCADE;


--
-- Name: tsgrhrespuestaseva fk_cod_evacontestada; Type: FK CONSTRAINT; Schema: sgrh; Owner: suite
--

ALTER TABLE ONLY sgrh.tsgrhrespuestaseva
    ADD CONSTRAINT fk_cod_evacontestada FOREIGN KEY (cod_evacontestada) REFERENCES sgrh.tsgrhevacontestadas(cod_evacontestada) ON UPDATE CASCADE ON DELETE CASCADE;


--
-- Name: tsgrhpreguntaseva fk_cod_evaluacion; Type: FK CONSTRAINT; Schema: sgrh; Owner: suite
--

ALTER TABLE ONLY sgrh.tsgrhpreguntaseva
    ADD CONSTRAINT fk_cod_evaluacion FOREIGN KEY (cod_evaluacion) REFERENCES sgrh.tsgrhevaluaciones(cod_evaluacion) ON UPDATE CASCADE ON DELETE CASCADE;


--
-- Name: tsgrhevacontestadas fk_cod_evaluacion; Type: FK CONSTRAINT; Schema: sgrh; Owner: suite
--

ALTER TABLE ONLY sgrh.tsgrhevacontestadas
    ADD CONSTRAINT fk_cod_evaluacion FOREIGN KEY (cod_evaluacion) REFERENCES sgrh.tsgrhevaluaciones(cod_evaluacion) ON UPDATE CASCADE ON DELETE CASCADE;


--
-- Name: tsgrhvalidaevaluaciondes fk_cod_evaluacion; Type: FK CONSTRAINT; Schema: sgrh; Owner: suite
--

ALTER TABLE ONLY sgrh.tsgrhvalidaevaluaciondes
    ADD CONSTRAINT fk_cod_evaluacion FOREIGN KEY (cod_evaluacion) REFERENCES sgrh.tsgrhevaluaciones(cod_evaluacion) ON UPDATE CASCADE ON DELETE CASCADE;


--
-- Name: tsgrhevacontestadas fk_cod_evaluado; Type: FK CONSTRAINT; Schema: sgrh; Owner: suite
--

ALTER TABLE ONLY sgrh.tsgrhevacontestadas
    ADD CONSTRAINT fk_cod_evaluado FOREIGN KEY (cod_evaluado) REFERENCES sgrh.tsgrhempleados(cod_empleado) ON UPDATE CASCADE ON DELETE CASCADE;


--
-- Name: tsgrhvalidaevaluaciondes fk_cod_evaluado; Type: FK CONSTRAINT; Schema: sgrh; Owner: suite
--

ALTER TABLE ONLY sgrh.tsgrhvalidaevaluaciondes
    ADD CONSTRAINT fk_cod_evaluado FOREIGN KEY (cod_evaluado) REFERENCES sgrh.tsgrhempleados(cod_empleado) ON UPDATE CASCADE ON DELETE CASCADE;


--
-- Name: tsgrhevacontestadas fk_cod_evaluador; Type: FK CONSTRAINT; Schema: sgrh; Owner: suite
--

ALTER TABLE ONLY sgrh.tsgrhevacontestadas
    ADD CONSTRAINT fk_cod_evaluador FOREIGN KEY (cod_evaluador) REFERENCES sgrh.tsgrhempleados(cod_empleado) ON UPDATE CASCADE ON DELETE CASCADE;


--
-- Name: tsgrhvalidaevaluaciondes fk_cod_evaluador; Type: FK CONSTRAINT; Schema: sgrh; Owner: suite
--

ALTER TABLE ONLY sgrh.tsgrhvalidaevaluaciondes
    ADD CONSTRAINT fk_cod_evaluador FOREIGN KEY (cod_evaluador) REFERENCES sgrh.tsgrhempleados(cod_empleado) ON UPDATE CASCADE ON DELETE CASCADE;


--
-- Name: tsgrhsubfactoreseva fk_cod_factor; Type: FK CONSTRAINT; Schema: sgrh; Owner: suite
--

ALTER TABLE ONLY sgrh.tsgrhsubfactoreseva
    ADD CONSTRAINT fk_cod_factor FOREIGN KEY (cod_factor) REFERENCES sgrh.tsgrhfactoreseva(cod_factor) ON UPDATE CASCADE ON DELETE CASCADE;


--
-- Name: tsgrhcartaasignacion fk_cod_gpy; Type: FK CONSTRAINT; Schema: sgrh; Owner: suite
--

ALTER TABLE ONLY sgrh.tsgrhcartaasignacion
    ADD CONSTRAINT fk_cod_gpy FOREIGN KEY (cod_gpy) REFERENCES sgrh.tsgrhempleados(cod_empleado) ON UPDATE CASCADE ON DELETE CASCADE;


--
-- Name: tsgrhencuesta fk_cod_lugar; Type: FK CONSTRAINT; Schema: sgrh; Owner: suite
--

ALTER TABLE ONLY sgrh.tsgrhencuesta
    ADD CONSTRAINT fk_cod_lugar FOREIGN KEY (cod_lugar) REFERENCES sgrt.tsgrtlugares(cod_lugar) ON UPDATE CASCADE ON DELETE CASCADE;


--
-- Name: tsgrhvalidaevaluaciondes fk_cod_lugar; Type: FK CONSTRAINT; Schema: sgrh; Owner: suite
--

ALTER TABLE ONLY sgrh.tsgrhvalidaevaluaciondes
    ADD CONSTRAINT fk_cod_lugar FOREIGN KEY (cod_lugar) REFERENCES sgrt.tsgrtlugares(cod_lugar) ON UPDATE CASCADE ON DELETE CASCADE;


--
-- Name: tsgrhrevplanoperativo fk_cod_lugar; Type: FK CONSTRAINT; Schema: sgrh; Owner: suite
--

ALTER TABLE ONLY sgrh.tsgrhrevplanoperativo
    ADD CONSTRAINT fk_cod_lugar FOREIGN KEY (cod_lugar) REFERENCES sgrt.tsgrtlugares(cod_lugar) ON UPDATE CASCADE ON DELETE CASCADE;


--
-- Name: tsgrhempleados fk_cod_modificadopor; Type: FK CONSTRAINT; Schema: sgrh; Owner: suite
--

ALTER TABLE ONLY sgrh.tsgrhempleados
    ADD CONSTRAINT fk_cod_modificadopor FOREIGN KEY (cod_modificadopor) REFERENCES sgrh.tsgrhempleados(cod_empleado) ON UPDATE CASCADE ON DELETE CASCADE;


--
-- Name: tsgrhcontratos fk_cod_modificadopor; Type: FK CONSTRAINT; Schema: sgrh; Owner: suite
--

ALTER TABLE ONLY sgrh.tsgrhcontratos
    ADD CONSTRAINT fk_cod_modificadopor FOREIGN KEY (cod_modificadopor) REFERENCES sgrh.tsgrhempleados(cod_empleado) ON UPDATE CASCADE ON DELETE CASCADE;


--
-- Name: tsgrhcontrataciones fk_cod_modificadopor; Type: FK CONSTRAINT; Schema: sgrh; Owner: suite
--

ALTER TABLE ONLY sgrh.tsgrhcontrataciones
    ADD CONSTRAINT fk_cod_modificadopor FOREIGN KEY (cod_modificadopor) REFERENCES sgrh.tsgrhempleados(cod_empleado) ON UPDATE CASCADE ON DELETE CASCADE;


--
-- Name: tsgrhencuesta fk_cod_modificadopor; Type: FK CONSTRAINT; Schema: sgrh; Owner: suite
--

ALTER TABLE ONLY sgrh.tsgrhencuesta
    ADD CONSTRAINT fk_cod_modificadopor FOREIGN KEY (cod_modificadopor) REFERENCES sgrh.tsgrhempleados(cod_empleado) ON UPDATE CASCADE ON DELETE CASCADE;


--
-- Name: tsgrhevaluaciones fk_cod_modificadopor; Type: FK CONSTRAINT; Schema: sgrh; Owner: suite
--

ALTER TABLE ONLY sgrh.tsgrhevaluaciones
    ADD CONSTRAINT fk_cod_modificadopor FOREIGN KEY (cod_modificadopor) REFERENCES sgrh.tsgrhempleados(cod_empleado) ON UPDATE CASCADE ON DELETE CASCADE;


--
-- Name: tsgrhplanoperativo fk_cod_modificadopor; Type: FK CONSTRAINT; Schema: sgrh; Owner: suite
--

ALTER TABLE ONLY sgrh.tsgrhplanoperativo
    ADD CONSTRAINT fk_cod_modificadopor FOREIGN KEY (cod_modificadopor) REFERENCES sgrh.tsgrhempleados(cod_empleado) ON UPDATE CASCADE ON DELETE CASCADE;


--
-- Name: tsgrhrevplanoperativo fk_cod_modificadopor; Type: FK CONSTRAINT; Schema: sgrh; Owner: suite
--

ALTER TABLE ONLY sgrh.tsgrhrevplanoperativo
    ADD CONSTRAINT fk_cod_modificadopor FOREIGN KEY (cod_modificadopor) REFERENCES sgrh.tsgrhempleados(cod_empleado) ON UPDATE CASCADE ON DELETE CASCADE;


--
-- Name: tsgrhcartaasignacion fk_cod_modificadopor; Type: FK CONSTRAINT; Schema: sgrh; Owner: suite
--

ALTER TABLE ONLY sgrh.tsgrhcartaasignacion
    ADD CONSTRAINT fk_cod_modificadopor FOREIGN KEY (cod_modificadopor) REFERENCES sgrh.tsgrhempleados(cod_empleado) ON UPDATE CASCADE ON DELETE CASCADE;


--
-- Name: tsgrhplancapacitacion fk_cod_modificadopor; Type: FK CONSTRAINT; Schema: sgrh; Owner: suite
--

ALTER TABLE ONLY sgrh.tsgrhplancapacitacion
    ADD CONSTRAINT fk_cod_modificadopor FOREIGN KEY (cod_modificadopor) REFERENCES sgrh.tsgrhempleados(cod_empleado) ON UPDATE CASCADE ON DELETE CASCADE;


--
-- Name: tsgrhvalidaevaluaciondes fk_cod_participante1; Type: FK CONSTRAINT; Schema: sgrh; Owner: suite
--

ALTER TABLE ONLY sgrh.tsgrhvalidaevaluaciondes
    ADD CONSTRAINT fk_cod_participante1 FOREIGN KEY (cod_participante1) REFERENCES sgrh.tsgrhempleados(cod_empleado) ON UPDATE CASCADE ON DELETE CASCADE;


--
-- Name: tsgrhrevplanoperativo fk_cod_participante1; Type: FK CONSTRAINT; Schema: sgrh; Owner: suite
--

ALTER TABLE ONLY sgrh.tsgrhrevplanoperativo
    ADD CONSTRAINT fk_cod_participante1 FOREIGN KEY (cod_participante1) REFERENCES sgrh.tsgrhempleados(cod_empleado) ON UPDATE CASCADE ON DELETE CASCADE;


--
-- Name: tsgrhvalidaevaluaciondes fk_cod_participante2; Type: FK CONSTRAINT; Schema: sgrh; Owner: suite
--

ALTER TABLE ONLY sgrh.tsgrhvalidaevaluaciondes
    ADD CONSTRAINT fk_cod_participante2 FOREIGN KEY (cod_participante2) REFERENCES sgrh.tsgrhempleados(cod_empleado) ON UPDATE CASCADE ON DELETE CASCADE;


--
-- Name: tsgrhrevplanoperativo fk_cod_participante2; Type: FK CONSTRAINT; Schema: sgrh; Owner: suite
--

ALTER TABLE ONLY sgrh.tsgrhrevplanoperativo
    ADD CONSTRAINT fk_cod_participante2 FOREIGN KEY (cod_participante2) REFERENCES sgrh.tsgrhempleados(cod_empleado) ON UPDATE CASCADE ON DELETE CASCADE;


--
-- Name: tsgrhvalidaevaluaciondes fk_cod_participante3; Type: FK CONSTRAINT; Schema: sgrh; Owner: suite
--

ALTER TABLE ONLY sgrh.tsgrhvalidaevaluaciondes
    ADD CONSTRAINT fk_cod_participante3 FOREIGN KEY (cod_participante3) REFERENCES sgrh.tsgrhempleados(cod_empleado) ON UPDATE CASCADE ON DELETE CASCADE;


--
-- Name: tsgrhrevplanoperativo fk_cod_participante3; Type: FK CONSTRAINT; Schema: sgrh; Owner: suite
--

ALTER TABLE ONLY sgrh.tsgrhrevplanoperativo
    ADD CONSTRAINT fk_cod_participante3 FOREIGN KEY (cod_participante3) REFERENCES sgrh.tsgrhempleados(cod_empleado) ON UPDATE CASCADE ON DELETE CASCADE;


--
-- Name: tsgrhvalidaevaluaciondes fk_cod_participante4; Type: FK CONSTRAINT; Schema: sgrh; Owner: suite
--

ALTER TABLE ONLY sgrh.tsgrhvalidaevaluaciondes
    ADD CONSTRAINT fk_cod_participante4 FOREIGN KEY (cod_participante4) REFERENCES sgrh.tsgrhempleados(cod_empleado) ON UPDATE CASCADE ON DELETE CASCADE;


--
-- Name: tsgrhrevplanoperativo fk_cod_participante4; Type: FK CONSTRAINT; Schema: sgrh; Owner: suite
--

ALTER TABLE ONLY sgrh.tsgrhrevplanoperativo
    ADD CONSTRAINT fk_cod_participante4 FOREIGN KEY (cod_participante4) REFERENCES sgrh.tsgrhempleados(cod_empleado) ON UPDATE CASCADE ON DELETE CASCADE;


--
-- Name: tsgrhrevplanoperativo fk_cod_participante5; Type: FK CONSTRAINT; Schema: sgrh; Owner: suite
--

ALTER TABLE ONLY sgrh.tsgrhrevplanoperativo
    ADD CONSTRAINT fk_cod_participante5 FOREIGN KEY (cod_participante5) REFERENCES sgrh.tsgrhempleados(cod_empleado) ON UPDATE CASCADE ON DELETE CASCADE;


--
-- Name: tsgrhcartaasignacion fk_cod_perfil; Type: FK CONSTRAINT; Schema: sgrh; Owner: suite
--

ALTER TABLE ONLY sgrh.tsgrhcartaasignacion
    ADD CONSTRAINT fk_cod_perfil FOREIGN KEY (cod_perfil) REFERENCES sgrh.tsgrhperfiles(cod_perfil) ON UPDATE CASCADE ON DELETE CASCADE;


--
-- Name: tsgrhrevplanoperativo fk_cod_planoperativo; Type: FK CONSTRAINT; Schema: sgrh; Owner: suite
--

ALTER TABLE ONLY sgrh.tsgrhrevplanoperativo
    ADD CONSTRAINT fk_cod_planoperativo FOREIGN KEY (cod_planoperativo) REFERENCES sgrh.tsgrhplanoperativo(cod_planoperativo) ON UPDATE CASCADE ON DELETE CASCADE;


--
-- Name: tsgrhrespuestasenc fk_cod_pregunta; Type: FK CONSTRAINT; Schema: sgrh; Owner: suite
--

ALTER TABLE ONLY sgrh.tsgrhrespuestasenc
    ADD CONSTRAINT fk_cod_pregunta FOREIGN KEY (cod_pregunta) REFERENCES sgrh.tsgrhpreguntasenc(cod_pregunta) ON UPDATE CASCADE ON DELETE CASCADE;


--
-- Name: tsgrhrespuestaseva fk_cod_pregunta; Type: FK CONSTRAINT; Schema: sgrh; Owner: suite
--

ALTER TABLE ONLY sgrh.tsgrhrespuestaseva
    ADD CONSTRAINT fk_cod_pregunta FOREIGN KEY (cod_pregunta) REFERENCES sgrh.tsgrhpreguntaseva(cod_pregunta) ON UPDATE CASCADE ON DELETE CASCADE;


--
-- Name: tsgrhempleados fk_cod_puesto; Type: FK CONSTRAINT; Schema: sgrh; Owner: suite
--

ALTER TABLE ONLY sgrh.tsgrhempleados
    ADD CONSTRAINT fk_cod_puesto FOREIGN KEY (cod_puesto) REFERENCES sgrh.tsgrhpuestos(cod_puesto) ON UPDATE CASCADE ON DELETE CASCADE;


--
-- Name: tsgrhcartaasignacion fk_cod_rhat; Type: FK CONSTRAINT; Schema: sgrh; Owner: suite
--

ALTER TABLE ONLY sgrh.tsgrhcartaasignacion
    ADD CONSTRAINT fk_cod_rhat FOREIGN KEY (cod_rhta) REFERENCES sgrh.tsgrhempleados(cod_empleado) ON UPDATE CASCADE ON DELETE CASCADE;


--
-- Name: tsgrhcartaasignacion fk_cod_rys; Type: FK CONSTRAINT; Schema: sgrh; Owner: suite
--

ALTER TABLE ONLY sgrh.tsgrhcartaasignacion
    ADD CONSTRAINT fk_cod_rys FOREIGN KEY (cod_rys) REFERENCES sgrh.tsgrhempleados(cod_empleado) ON UPDATE CASCADE ON DELETE CASCADE;


--
-- Name: tsgrhareas fk_cod_sistemasuite; Type: FK CONSTRAINT; Schema: sgrh; Owner: suite
--

ALTER TABLE ONLY sgrh.tsgrhareas
    ADD CONSTRAINT fk_cod_sistemasuite FOREIGN KEY (cod_sistemasuite) REFERENCES sgco.tsgcosistemas(cod_sistema) ON UPDATE CASCADE ON DELETE CASCADE;


--
-- Name: tsgrhempleados fk_cod_sistemasuite; Type: FK CONSTRAINT; Schema: sgrh; Owner: suite
--

ALTER TABLE ONLY sgrh.tsgrhempleados
    ADD CONSTRAINT fk_cod_sistemasuite FOREIGN KEY (cod_sistemasuite) REFERENCES sgco.tsgcosistemas(cod_sistema) ON UPDATE CASCADE ON DELETE CASCADE;


--
-- Name: tsgrhpreguntaseva fk_cod_subfactor; Type: FK CONSTRAINT; Schema: sgrh; Owner: suite
--

ALTER TABLE ONLY sgrh.tsgrhpreguntaseva
    ADD CONSTRAINT fk_cod_subfactor FOREIGN KEY (cod_subfactor) REFERENCES sgrh.tsgrhsubfactoreseva(cod_subfactor) ON UPDATE CASCADE ON DELETE CASCADE;


--
-- Name: tsgrhplaninvitados fk_invitados_empleado; Type: FK CONSTRAINT; Schema: sgrh; Owner: suite
--

ALTER TABLE ONLY sgrh.tsgrhplaninvitados
    ADD CONSTRAINT fk_invitados_empleado FOREIGN KEY (cod_empleado) REFERENCES sgrh.tsgrhempleados(cod_empleado) ON UPDATE CASCADE ON DELETE CASCADE;


--
-- Name: tsgrhplaninvitados fk_invitados_plancapa; Type: FK CONSTRAINT; Schema: sgrh; Owner: suite
--

ALTER TABLE ONLY sgrh.tsgrhplaninvitados
    ADD CONSTRAINT fk_invitados_plancapa FOREIGN KEY (cod_plancapacitacion) REFERENCES sgrh.tsgrhplancapacitacion(cod_plancapacitacion) ON UPDATE CASCADE ON DELETE CASCADE;


--
-- Name: tsgrhplancapacitacion fk_plancap_capacitacion; Type: FK CONSTRAINT; Schema: sgrh; Owner: suite
--

ALTER TABLE ONLY sgrh.tsgrhplancapacitacion
    ADD CONSTRAINT fk_plancap_capacitacion FOREIGN KEY (cod_capacitacion) REFERENCES sgrh.tsgrhtiposcapacitaciones(cod_capacitacion) ON UPDATE CASCADE ON DELETE CASCADE;


--
-- Name: tsgrhplancapacitacion fk_plancap_proceso; Type: FK CONSTRAINT; Schema: sgrh; Owner: suite
--

ALTER TABLE ONLY sgrh.tsgrhplancapacitacion
    ADD CONSTRAINT fk_plancap_proceso FOREIGN KEY (cod_proceso) REFERENCES sgrh.tsgrhprocesocapacitacion(cod_proceso) ON UPDATE CASCADE ON DELETE CASCADE;


--
-- Name: tsgrhencuesta_participantes tsgrhencuesta_participantes_cod_empleado_fkey; Type: FK CONSTRAINT; Schema: sgrh; Owner: suite
--

ALTER TABLE ONLY sgrh.tsgrhencuesta_participantes
    ADD CONSTRAINT tsgrhencuesta_participantes_cod_empleado_fkey FOREIGN KEY (cod_empleado) REFERENCES sgrh.tsgrhempleados(cod_empleado);


--
-- Name: tsgrhencuesta_participantes tsgrhencuesta_participantes_cod_encuesta_fkey; Type: FK CONSTRAINT; Schema: sgrh; Owner: suite
--

ALTER TABLE ONLY sgrh.tsgrhencuesta_participantes
    ADD CONSTRAINT tsgrhencuesta_participantes_cod_encuesta_fkey FOREIGN KEY (cod_encuesta) REFERENCES sgrh.tsgrhencuesta(cod_encuesta);


--
-- Name: tsgrhencuesta_participantes tsgrhencuesta_participantes_cod_pregunta_fkey; Type: FK CONSTRAINT; Schema: sgrh; Owner: suite
--

ALTER TABLE ONLY sgrh.tsgrhencuesta_participantes
    ADD CONSTRAINT tsgrhencuesta_participantes_cod_pregunta_fkey FOREIGN KEY (cod_pregunta) REFERENCES sgrh.tsgrhpreguntasenc(cod_pregunta);


--
-- Name: tsgrhencuesta_participantes tsgrhencuesta_participantes_cod_respuesta_fkey; Type: FK CONSTRAINT; Schema: sgrh; Owner: suite
--

ALTER TABLE ONLY sgrh.tsgrhencuesta_participantes
    ADD CONSTRAINT tsgrhencuesta_participantes_cod_respuesta_fkey FOREIGN KEY (cod_respuesta) REFERENCES sgrh.tsgrhrespuestasenc(cod_respuesta);


--
-- Name: tsgrtcomentariosagenda fk_cod_agenda; Type: FK CONSTRAINT; Schema: sgrt; Owner: suite
--

ALTER TABLE ONLY sgrt.tsgrtcomentariosagenda
    ADD CONSTRAINT fk_cod_agenda FOREIGN KEY (cod_agenda) REFERENCES sgrt.tsgrtagenda(cod_agenda) ON UPDATE CASCADE ON DELETE CASCADE;


--
-- Name: tsgrtfaq fk_cod_categoria; Type: FK CONSTRAINT; Schema: sgrt; Owner: suite
--

ALTER TABLE ONLY sgrt.tsgrtfaq
    ADD CONSTRAINT fk_cod_categoria FOREIGN KEY (cod_categoriafaq) REFERENCES sgrt.tsgrtcategoriafaq(cod_categoriafaq) ON UPDATE CASCADE ON DELETE CASCADE;


--
-- Name: tsgrtcompromisos fk_cod_chat; Type: FK CONSTRAINT; Schema: sgrt; Owner: suite
--

ALTER TABLE ONLY sgrt.tsgrtcompromisos
    ADD CONSTRAINT fk_cod_chat FOREIGN KEY (cod_chat) REFERENCES sgrt.tsgrtchat(cod_chat);


--
-- Name: tsgrtlugares fk_cod_ciudad; Type: FK CONSTRAINT; Schema: sgrt; Owner: suite
--

ALTER TABLE ONLY sgrt.tsgrtlugares
    ADD CONSTRAINT fk_cod_ciudad FOREIGN KEY (cod_ciudad) REFERENCES sgrt.tsgrtciudades(cod_ciudad) ON UPDATE CASCADE ON DELETE CASCADE;


--
-- Name: tsgrtdepartamento fk_cod_correo; Type: FK CONSTRAINT; Schema: sgrt; Owner: suite
--

ALTER TABLE ONLY sgrt.tsgrtdepartamento
    ADD CONSTRAINT fk_cod_correo FOREIGN KEY (cod_correo) REFERENCES sgrt.tsgrtcorreo(cod_correo) ON UPDATE CASCADE ON DELETE CASCADE;


--
-- Name: tsgrtcategoriafaq fk_cod_creadopor; Type: FK CONSTRAINT; Schema: sgrt; Owner: suite
--

ALTER TABLE ONLY sgrt.tsgrtcategoriafaq
    ADD CONSTRAINT fk_cod_creadopor FOREIGN KEY (cod_creadopor) REFERENCES sgrh.tsgrhempleados(cod_empleado) ON UPDATE CASCADE ON DELETE CASCADE;


--
-- Name: tsgrtcorreo fk_cod_creadopor; Type: FK CONSTRAINT; Schema: sgrt; Owner: suite
--

ALTER TABLE ONLY sgrt.tsgrtcorreo
    ADD CONSTRAINT fk_cod_creadopor FOREIGN KEY (cod_creadopor) REFERENCES sgrh.tsgrhempleados(cod_empleado) ON UPDATE CASCADE ON DELETE CASCADE;


--
-- Name: tsgrtdepartamento fk_cod_creadopor; Type: FK CONSTRAINT; Schema: sgrt; Owner: suite
--

ALTER TABLE ONLY sgrt.tsgrtdepartamento
    ADD CONSTRAINT fk_cod_creadopor FOREIGN KEY (cod_creadopor) REFERENCES sgrh.tsgrhempleados(cod_empleado) ON UPDATE CASCADE ON DELETE CASCADE;


--
-- Name: tsgrtfaq fk_cod_creadopor; Type: FK CONSTRAINT; Schema: sgrt; Owner: suite
--

ALTER TABLE ONLY sgrt.tsgrtfaq
    ADD CONSTRAINT fk_cod_creadopor FOREIGN KEY (cod_creadopor) REFERENCES sgrh.tsgrhempleados(cod_empleado) ON UPDATE CASCADE ON DELETE CASCADE;


--
-- Name: tsgrtgrupo fk_cod_creadopor; Type: FK CONSTRAINT; Schema: sgrt; Owner: suite
--

ALTER TABLE ONLY sgrt.tsgrtgrupo
    ADD CONSTRAINT fk_cod_creadopor FOREIGN KEY (cod_creadopor) REFERENCES sgrh.tsgrhempleados(cod_empleado) ON UPDATE CASCADE ON DELETE CASCADE;


--
-- Name: tsgrtayudatopico fk_cod_creadopor; Type: FK CONSTRAINT; Schema: sgrt; Owner: suite
--

ALTER TABLE ONLY sgrt.tsgrtayudatopico
    ADD CONSTRAINT fk_cod_creadopor FOREIGN KEY (cod_creadopor) REFERENCES sgrh.tsgrhempleados(cod_empleado) ON UPDATE CASCADE ON DELETE CASCADE;


--
-- Name: tsgrtnota fk_cod_creadopor; Type: FK CONSTRAINT; Schema: sgrt; Owner: suite
--

ALTER TABLE ONLY sgrt.tsgrtnota
    ADD CONSTRAINT fk_cod_creadopor FOREIGN KEY (cod_creadopor) REFERENCES sgrh.tsgrhempleados(cod_empleado) ON UPDATE CASCADE ON DELETE CASCADE;


--
-- Name: tsgrtplantillacorreos fk_cod_creadopor; Type: FK CONSTRAINT; Schema: sgrt; Owner: suite
--

ALTER TABLE ONLY sgrt.tsgrtplantillacorreos
    ADD CONSTRAINT fk_cod_creadopor FOREIGN KEY (cod_creadopor) REFERENCES sgrh.tsgrhempleados(cod_empleado) ON UPDATE CASCADE ON DELETE CASCADE;


--
-- Name: tsgrtprioridad fk_cod_creadopor; Type: FK CONSTRAINT; Schema: sgrt; Owner: suite
--

ALTER TABLE ONLY sgrt.tsgrtprioridad
    ADD CONSTRAINT fk_cod_creadopor FOREIGN KEY (cod_creadopor) REFERENCES sgrh.tsgrhempleados(cod_empleado) ON UPDATE CASCADE ON DELETE CASCADE;


--
-- Name: tsgrtrespuesta fk_cod_creadopor; Type: FK CONSTRAINT; Schema: sgrt; Owner: suite
--

ALTER TABLE ONLY sgrt.tsgrtrespuesta
    ADD CONSTRAINT fk_cod_creadopor FOREIGN KEY (cod_creadopor) REFERENCES sgrh.tsgrhempleados(cod_empleado) ON UPDATE CASCADE ON DELETE CASCADE;


--
-- Name: tsgrtresppredefinida fk_cod_creadopor; Type: FK CONSTRAINT; Schema: sgrt; Owner: suite
--

ALTER TABLE ONLY sgrt.tsgrtresppredefinida
    ADD CONSTRAINT fk_cod_creadopor FOREIGN KEY (cod_creadopor) REFERENCES sgrh.tsgrhempleados(cod_empleado) ON UPDATE CASCADE ON DELETE CASCADE;


--
-- Name: tsgrtticket fk_cod_creadopor; Type: FK CONSTRAINT; Schema: sgrt; Owner: suite
--

ALTER TABLE ONLY sgrt.tsgrtticket
    ADD CONSTRAINT fk_cod_creadopor FOREIGN KEY (cod_creadopor) REFERENCES sgrh.tsgrhempleados(cod_empleado) ON UPDATE CASCADE ON DELETE CASCADE;


--
-- Name: tsgrtattchticket fk_cod_creadopor; Type: FK CONSTRAINT; Schema: sgrt; Owner: suite
--

ALTER TABLE ONLY sgrt.tsgrtattchticket
    ADD CONSTRAINT fk_cod_creadopor FOREIGN KEY (cod_creadopor) REFERENCES sgrh.tsgrhempleados(cod_empleado) ON UPDATE CASCADE ON DELETE CASCADE;


--
-- Name: tsgrtmsjticket fk_cod_creadopor; Type: FK CONSTRAINT; Schema: sgrt; Owner: suite
--

ALTER TABLE ONLY sgrt.tsgrtmsjticket
    ADD CONSTRAINT fk_cod_creadopor FOREIGN KEY (cod_creadopor) REFERENCES sgrh.tsgrhempleados(cod_empleado) ON UPDATE CASCADE ON DELETE CASCADE;


--
-- Name: tsgrtreuniones fk_cod_creadorreunion; Type: FK CONSTRAINT; Schema: sgrt; Owner: suite
--

ALTER TABLE ONLY sgrt.tsgrtreuniones
    ADD CONSTRAINT fk_cod_creadorreunion FOREIGN KEY (cod_creadorreunion) REFERENCES sgrh.tsgrhempleados(cod_empleado) ON UPDATE CASCADE ON DELETE CASCADE;


--
-- Name: tsgrtcorreo fk_cod_depto; Type: FK CONSTRAINT; Schema: sgrt; Owner: suite
--

ALTER TABLE ONLY sgrt.tsgrtcorreo
    ADD CONSTRAINT fk_cod_depto FOREIGN KEY (cod_depto) REFERENCES sgrt.tsgrtdepartamento(cod_depto) ON UPDATE CASCADE ON DELETE CASCADE;


--
-- Name: tsgrtayudatopico fk_cod_depto; Type: FK CONSTRAINT; Schema: sgrt; Owner: suite
--

ALTER TABLE ONLY sgrt.tsgrtayudatopico
    ADD CONSTRAINT fk_cod_depto FOREIGN KEY (cod_depto) REFERENCES sgrt.tsgrtdepartamento(cod_depto) ON UPDATE CASCADE ON DELETE CASCADE;


--
-- Name: tsgrtresppredefinida fk_cod_depto; Type: FK CONSTRAINT; Schema: sgrt; Owner: suite
--

ALTER TABLE ONLY sgrt.tsgrtresppredefinida
    ADD CONSTRAINT fk_cod_depto FOREIGN KEY (cod_depto) REFERENCES sgrt.tsgrtdepartamento(cod_depto) ON UPDATE CASCADE ON DELETE CASCADE;


--
-- Name: tsgrtticket fk_cod_depto; Type: FK CONSTRAINT; Schema: sgrt; Owner: suite
--

ALTER TABLE ONLY sgrt.tsgrtticket
    ADD CONSTRAINT fk_cod_depto FOREIGN KEY (cod_depto) REFERENCES sgrt.tsgrtdepartamento(cod_depto) ON UPDATE CASCADE ON DELETE CASCADE;


--
-- Name: tsgrtdatossolicitud fk_cod_edosolicitud; Type: FK CONSTRAINT; Schema: sgrt; Owner: suite
--

ALTER TABLE ONLY sgrt.tsgrtdatossolicitud
    ADD CONSTRAINT fk_cod_edosolicitud FOREIGN KEY (cod_edosolicitud) REFERENCES sgrt.tsgrtedosolicitudes(cod_edosolicitud) ON UPDATE CASCADE ON DELETE CASCADE;


--
-- Name: tsgrtdatossolicitud fk_cod_elemento; Type: FK CONSTRAINT; Schema: sgrt; Owner: suite
--

ALTER TABLE ONLY sgrt.tsgrtdatossolicitud
    ADD CONSTRAINT fk_cod_elemento FOREIGN KEY (cod_elemento) REFERENCES sgrt.tsgrtelementos(cod_elemento) ON UPDATE CASCADE ON DELETE CASCADE;


--
-- Name: tsgrtasistentes fk_cod_empleado; Type: FK CONSTRAINT; Schema: sgrt; Owner: suite
--

ALTER TABLE ONLY sgrt.tsgrtasistentes
    ADD CONSTRAINT fk_cod_empleado FOREIGN KEY (cod_empleado) REFERENCES sgrh.tsgrhempleados(cod_empleado) ON UPDATE CASCADE ON DELETE CASCADE;


--
-- Name: tsgrtnota fk_cod_empleado; Type: FK CONSTRAINT; Schema: sgrt; Owner: suite
--

ALTER TABLE ONLY sgrt.tsgrtnota
    ADD CONSTRAINT fk_cod_empleado FOREIGN KEY (cod_empleado) REFERENCES sgrh.tsgrhempleados(cod_empleado) ON UPDATE CASCADE ON DELETE CASCADE;


--
-- Name: tsgrtrespuesta fk_cod_empleado; Type: FK CONSTRAINT; Schema: sgrt; Owner: suite
--

ALTER TABLE ONLY sgrt.tsgrtrespuesta
    ADD CONSTRAINT fk_cod_empleado FOREIGN KEY (cod_empleado) REFERENCES sgrh.tsgrhempleados(cod_empleado) ON UPDATE CASCADE ON DELETE CASCADE;


--
-- Name: tsgrtsolicitudservicios fk_cod_empleado; Type: FK CONSTRAINT; Schema: sgrt; Owner: suite
--

ALTER TABLE ONLY sgrt.tsgrtsolicitudservicios
    ADD CONSTRAINT fk_cod_empleado FOREIGN KEY (cod_empleado) REFERENCES sgrh.tsgrhempleados(cod_empleado) ON UPDATE CASCADE ON DELETE CASCADE;


--
-- Name: tsgrtticket fk_cod_empleado; Type: FK CONSTRAINT; Schema: sgrt; Owner: suite
--

ALTER TABLE ONLY sgrt.tsgrtticket
    ADD CONSTRAINT fk_cod_empleado FOREIGN KEY (cod_empleado) REFERENCES sgrh.tsgrhempleados(cod_empleado) ON UPDATE CASCADE ON DELETE CASCADE;


--
-- Name: tsgrtinvitados fk_cod_empleado; Type: FK CONSTRAINT; Schema: sgrt; Owner: suite
--

ALTER TABLE ONLY sgrt.tsgrtinvitados
    ADD CONSTRAINT fk_cod_empleado FOREIGN KEY (cod_empleado) REFERENCES sgrh.tsgrhempleados(cod_empleado) ON UPDATE CASCADE ON DELETE CASCADE;


--
-- Name: tsgrtasistentes fk_cod_invitado; Type: FK CONSTRAINT; Schema: sgrt; Owner: suite
--

ALTER TABLE ONLY sgrt.tsgrtasistentes
    ADD CONSTRAINT fk_cod_invitado FOREIGN KEY (cod_invitado) REFERENCES sgrt.tsgrtinvitados(cod_invitado) ON UPDATE CASCADE ON DELETE CASCADE;


--
-- Name: tsgrtcomentariosreunion fk_cod_invitado; Type: FK CONSTRAINT; Schema: sgrt; Owner: suite
--

ALTER TABLE ONLY sgrt.tsgrtcomentariosreunion
    ADD CONSTRAINT fk_cod_invitado FOREIGN KEY (cod_invitado) REFERENCES sgrt.tsgrtinvitados(cod_invitado) ON UPDATE CASCADE ON DELETE CASCADE;


--
-- Name: tsgrtcomentariosagenda fk_cod_invitado; Type: FK CONSTRAINT; Schema: sgrt; Owner: suite
--

ALTER TABLE ONLY sgrt.tsgrtcomentariosagenda
    ADD CONSTRAINT fk_cod_invitado FOREIGN KEY (cod_invitado) REFERENCES sgrt.tsgrtinvitados(cod_invitado) ON UPDATE CASCADE ON DELETE CASCADE;


--
-- Name: tsgrtreuniones fk_cod_lugar; Type: FK CONSTRAINT; Schema: sgrt; Owner: suite
--

ALTER TABLE ONLY sgrt.tsgrtreuniones
    ADD CONSTRAINT fk_cod_lugar FOREIGN KEY (cod_lugar) REFERENCES sgrt.tsgrtlugares(cod_lugar) ON UPDATE CASCADE ON DELETE CASCADE;


--
-- Name: tsgrtrespuesta fk_cod_mensaje; Type: FK CONSTRAINT; Schema: sgrt; Owner: suite
--

ALTER TABLE ONLY sgrt.tsgrtrespuesta
    ADD CONSTRAINT fk_cod_mensaje FOREIGN KEY (cod_mensaje) REFERENCES sgrt.tsgrtmsjticket(cod_mensaje) ON UPDATE CASCADE ON DELETE CASCADE;


--
-- Name: tsgrtdepartamento fk_cod_plantillacorreo; Type: FK CONSTRAINT; Schema: sgrt; Owner: suite
--

ALTER TABLE ONLY sgrt.tsgrtdepartamento
    ADD CONSTRAINT fk_cod_plantillacorreo FOREIGN KEY (cod_plantillacorreo) REFERENCES sgrt.tsgrtplantillacorreos(cod_plantillacorreo) ON UPDATE CASCADE ON DELETE CASCADE;


--
-- Name: tsgrtayudatopico fk_cod_prioridad; Type: FK CONSTRAINT; Schema: sgrt; Owner: suite
--

ALTER TABLE ONLY sgrt.tsgrtayudatopico
    ADD CONSTRAINT fk_cod_prioridad FOREIGN KEY (cod_prioridad) REFERENCES sgrt.tsgrtprioridad(cod_prioridad) ON UPDATE CASCADE ON DELETE CASCADE;


--
-- Name: tsgrtticket fk_cod_prioridad; Type: FK CONSTRAINT; Schema: sgrt; Owner: suite
--

ALTER TABLE ONLY sgrt.tsgrtticket
    ADD CONSTRAINT fk_cod_prioridad FOREIGN KEY (cod_prioridad) REFERENCES sgrt.tsgrtprioridad(cod_prioridad) ON UPDATE CASCADE ON DELETE CASCADE;


--
-- Name: tsgrtreuniones fk_cod_responsable; Type: FK CONSTRAINT; Schema: sgrt; Owner: suite
--

ALTER TABLE ONLY sgrt.tsgrtreuniones
    ADD CONSTRAINT fk_cod_responsable FOREIGN KEY (cod_responsable) REFERENCES sgrh.tsgrhempleados(cod_empleado) ON UPDATE CASCADE ON DELETE CASCADE;


--
-- Name: tsgrtcompromisos fk_cod_reunion; Type: FK CONSTRAINT; Schema: sgrt; Owner: suite
--

ALTER TABLE ONLY sgrt.tsgrtcompromisos
    ADD CONSTRAINT fk_cod_reunion FOREIGN KEY (cod_reunion) REFERENCES sgrt.tsgrtreuniones(cod_reunion) ON UPDATE CASCADE ON DELETE CASCADE;


--
-- Name: tsgrtarchivos fk_cod_reunion; Type: FK CONSTRAINT; Schema: sgrt; Owner: suite
--

ALTER TABLE ONLY sgrt.tsgrtarchivos
    ADD CONSTRAINT fk_cod_reunion FOREIGN KEY (cod_reunion) REFERENCES sgrt.tsgrtreuniones(cod_reunion) ON UPDATE CASCADE ON DELETE CASCADE;


--
-- Name: tsgrtinvitados fk_cod_reunion; Type: FK CONSTRAINT; Schema: sgrt; Owner: suite
--

ALTER TABLE ONLY sgrt.tsgrtinvitados
    ADD CONSTRAINT fk_cod_reunion FOREIGN KEY (cod_reunion) REFERENCES sgrt.tsgrtreuniones(cod_reunion) ON UPDATE CASCADE ON DELETE CASCADE;


--
-- Name: tsgrtcomentariosreunion fk_cod_reunion; Type: FK CONSTRAINT; Schema: sgrt; Owner: suite
--

ALTER TABLE ONLY sgrt.tsgrtcomentariosreunion
    ADD CONSTRAINT fk_cod_reunion FOREIGN KEY (cod_reunion) REFERENCES sgrt.tsgrtreuniones(cod_reunion) ON UPDATE CASCADE ON DELETE CASCADE;


--
-- Name: tsgrtagenda fk_cod_reunion; Type: FK CONSTRAINT; Schema: sgrt; Owner: suite
--

ALTER TABLE ONLY sgrt.tsgrtagenda
    ADD CONSTRAINT fk_cod_reunion FOREIGN KEY (cod_reunion) REFERENCES sgrt.tsgrtreuniones(cod_reunion) ON UPDATE CASCADE ON DELETE CASCADE;


--
-- Name: tsgrtreuniones fk_cod_reunionanterior; Type: FK CONSTRAINT; Schema: sgrt; Owner: suite
--

ALTER TABLE ONLY sgrt.tsgrtreuniones
    ADD CONSTRAINT fk_cod_reunionanterior FOREIGN KEY (cod_proximareunion) REFERENCES sgrt.tsgrtreuniones(cod_reunion) ON UPDATE CASCADE ON DELETE CASCADE;


--
-- Name: tsgrtsolicitudservicios fk_cod_servicio; Type: FK CONSTRAINT; Schema: sgrt; Owner: suite
--

ALTER TABLE ONLY sgrt.tsgrtsolicitudservicios
    ADD CONSTRAINT fk_cod_servicio FOREIGN KEY (cod_servicio) REFERENCES sgrt.tsgrtservicios(cod_servicio) ON UPDATE CASCADE ON DELETE CASCADE;


--
-- Name: tsgrtcorreo fk_cod_sistemasuite; Type: FK CONSTRAINT; Schema: sgrt; Owner: suite
--

ALTER TABLE ONLY sgrt.tsgrtcorreo
    ADD CONSTRAINT fk_cod_sistemasuite FOREIGN KEY (cod_sistemasuite) REFERENCES sgco.tsgcosistemas(cod_sistema) ON UPDATE CASCADE ON DELETE CASCADE;


--
-- Name: tsgrtdepartamento fk_cod_sistemasuite; Type: FK CONSTRAINT; Schema: sgrt; Owner: suite
--

ALTER TABLE ONLY sgrt.tsgrtdepartamento
    ADD CONSTRAINT fk_cod_sistemasuite FOREIGN KEY (cod_sistemasuite) REFERENCES sgco.tsgcosistemas(cod_sistema) ON UPDATE CASCADE ON DELETE CASCADE;


--
-- Name: tsgrtgrupo fk_cod_sistemasuite; Type: FK CONSTRAINT; Schema: sgrt; Owner: suite
--

ALTER TABLE ONLY sgrt.tsgrtgrupo
    ADD CONSTRAINT fk_cod_sistemasuite FOREIGN KEY (cod_sistemasuite) REFERENCES sgco.tsgcosistemas(cod_sistema) ON UPDATE CASCADE ON DELETE CASCADE;


--
-- Name: tsgrtayudatopico fk_cod_sistemasuite; Type: FK CONSTRAINT; Schema: sgrt; Owner: suite
--

ALTER TABLE ONLY sgrt.tsgrtayudatopico
    ADD CONSTRAINT fk_cod_sistemasuite FOREIGN KEY (cod_sistemasuite) REFERENCES sgco.tsgcosistemas(cod_sistema) ON UPDATE CASCADE ON DELETE CASCADE;


--
-- Name: tsgrtnota fk_cod_sistemasuite; Type: FK CONSTRAINT; Schema: sgrt; Owner: suite
--

ALTER TABLE ONLY sgrt.tsgrtnota
    ADD CONSTRAINT fk_cod_sistemasuite FOREIGN KEY (cod_sistemasuite) REFERENCES sgco.tsgcosistemas(cod_sistema) ON UPDATE CASCADE ON DELETE CASCADE;


--
-- Name: tsgrtplantillacorreos fk_cod_sistemasuite; Type: FK CONSTRAINT; Schema: sgrt; Owner: suite
--

ALTER TABLE ONLY sgrt.tsgrtplantillacorreos
    ADD CONSTRAINT fk_cod_sistemasuite FOREIGN KEY (cod_sistemasuite) REFERENCES sgco.tsgcosistemas(cod_sistema) ON UPDATE CASCADE ON DELETE CASCADE;


--
-- Name: tsgrtprioridad fk_cod_sistemasuite; Type: FK CONSTRAINT; Schema: sgrt; Owner: suite
--

ALTER TABLE ONLY sgrt.tsgrtprioridad
    ADD CONSTRAINT fk_cod_sistemasuite FOREIGN KEY (cod_sistemasuite) REFERENCES sgco.tsgcosistemas(cod_sistema) ON UPDATE CASCADE ON DELETE CASCADE;


--
-- Name: tsgrtrespuesta fk_cod_sistemasuite; Type: FK CONSTRAINT; Schema: sgrt; Owner: suite
--

ALTER TABLE ONLY sgrt.tsgrtrespuesta
    ADD CONSTRAINT fk_cod_sistemasuite FOREIGN KEY (cod_sistemasuite) REFERENCES sgco.tsgcosistemas(cod_sistema) ON UPDATE CASCADE ON DELETE CASCADE;


--
-- Name: tsgrtresppredefinida fk_cod_sistemasuite; Type: FK CONSTRAINT; Schema: sgrt; Owner: suite
--

ALTER TABLE ONLY sgrt.tsgrtresppredefinida
    ADD CONSTRAINT fk_cod_sistemasuite FOREIGN KEY (cod_sistemasuite) REFERENCES sgco.tsgcosistemas(cod_sistema) ON UPDATE CASCADE ON DELETE CASCADE;


--
-- Name: tsgrtticket fk_cod_sistemasuite; Type: FK CONSTRAINT; Schema: sgrt; Owner: suite
--

ALTER TABLE ONLY sgrt.tsgrtticket
    ADD CONSTRAINT fk_cod_sistemasuite FOREIGN KEY (cod_sistemasuite) REFERENCES sgco.tsgcosistemas(cod_sistema) ON UPDATE CASCADE ON DELETE CASCADE;


--
-- Name: tsgrtattchticket fk_cod_sistemasuite; Type: FK CONSTRAINT; Schema: sgrt; Owner: suite
--

ALTER TABLE ONLY sgrt.tsgrtattchticket
    ADD CONSTRAINT fk_cod_sistemasuite FOREIGN KEY (cod_sistemasuite) REFERENCES sgco.tsgcosistemas(cod_sistema) ON UPDATE CASCADE ON DELETE CASCADE;


--
-- Name: tsgrtmsjticket fk_cod_sistemasuite; Type: FK CONSTRAINT; Schema: sgrt; Owner: suite
--

ALTER TABLE ONLY sgrt.tsgrtmsjticket
    ADD CONSTRAINT fk_cod_sistemasuite FOREIGN KEY (cod_sistemasuite) REFERENCES sgco.tsgcosistemas(cod_sistema) ON UPDATE CASCADE ON DELETE CASCADE;


--
-- Name: tsgrtdatossolicitud fk_cod_solicitud; Type: FK CONSTRAINT; Schema: sgrt; Owner: suite
--

ALTER TABLE ONLY sgrt.tsgrtdatossolicitud
    ADD CONSTRAINT fk_cod_solicitud FOREIGN KEY (cod_solicitud) REFERENCES sgrt.tsgrtsolicitudservicios(cod_solicitud) ON UPDATE CASCADE ON DELETE CASCADE;


--
-- Name: tsgrtnota fk_cod_ticket; Type: FK CONSTRAINT; Schema: sgrt; Owner: suite
--

ALTER TABLE ONLY sgrt.tsgrtnota
    ADD CONSTRAINT fk_cod_ticket FOREIGN KEY (cod_ticket) REFERENCES sgrt.tsgrtticket(cod_ticket) ON UPDATE CASCADE ON DELETE CASCADE;


--
-- Name: tsgrtrespuesta fk_cod_ticket; Type: FK CONSTRAINT; Schema: sgrt; Owner: suite
--

ALTER TABLE ONLY sgrt.tsgrtrespuesta
    ADD CONSTRAINT fk_cod_ticket FOREIGN KEY (cod_ticket) REFERENCES sgrt.tsgrtticket(cod_ticket) ON UPDATE CASCADE ON DELETE CASCADE;


--
-- Name: tsgrtsolicitudservicios fk_cod_ticket; Type: FK CONSTRAINT; Schema: sgrt; Owner: suite
--

ALTER TABLE ONLY sgrt.tsgrtsolicitudservicios
    ADD CONSTRAINT fk_cod_ticket FOREIGN KEY (cod_ticket) REFERENCES sgrt.tsgrtticket(cod_ticket) ON UPDATE CASCADE ON DELETE CASCADE;


--
-- Name: tsgrtattchticket fk_cod_ticket; Type: FK CONSTRAINT; Schema: sgrt; Owner: suite
--

ALTER TABLE ONLY sgrt.tsgrtattchticket
    ADD CONSTRAINT fk_cod_ticket FOREIGN KEY (cod_ticket) REFERENCES sgrt.tsgrtticket(cod_ticket) ON UPDATE CASCADE ON DELETE CASCADE;


--
-- Name: tsgrtmsjticket fk_cod_ticket; Type: FK CONSTRAINT; Schema: sgrt; Owner: suite
--

ALTER TABLE ONLY sgrt.tsgrtmsjticket
    ADD CONSTRAINT fk_cod_ticket FOREIGN KEY (cod_ticket) REFERENCES sgrt.tsgrtticket(cod_ticket) ON UPDATE CASCADE ON DELETE CASCADE;


--
-- Name: tsgrtticket fk_cod_topico; Type: FK CONSTRAINT; Schema: sgrt; Owner: suite
--

ALTER TABLE ONLY sgrt.tsgrtticket
    ADD CONSTRAINT fk_cod_topico FOREIGN KEY (cod_topico) REFERENCES sgrt.tsgrtayudatopico(cod_topico) ON UPDATE CASCADE ON DELETE CASCADE;


--
-- Name: tsgrtcorreo fk_cod_ultactualizacionpor; Type: FK CONSTRAINT; Schema: sgrt; Owner: suite
--

ALTER TABLE ONLY sgrt.tsgrtcorreo
    ADD CONSTRAINT fk_cod_ultactualizacionpor FOREIGN KEY (cod_ultactualizacionpor) REFERENCES sgrh.tsgrhempleados(cod_empleado) ON UPDATE CASCADE ON DELETE CASCADE;


--
-- Name: tsgrtdepartamento fk_cod_ultactualizacionpor; Type: FK CONSTRAINT; Schema: sgrt; Owner: suite
--

ALTER TABLE ONLY sgrt.tsgrtdepartamento
    ADD CONSTRAINT fk_cod_ultactualizacionpor FOREIGN KEY (cod_ultactualizacionpor) REFERENCES sgrh.tsgrhempleados(cod_empleado) ON UPDATE CASCADE ON DELETE CASCADE;


--
-- Name: tsgrtfaq fk_cod_ultactualizacionpor; Type: FK CONSTRAINT; Schema: sgrt; Owner: suite
--

ALTER TABLE ONLY sgrt.tsgrtfaq
    ADD CONSTRAINT fk_cod_ultactualizacionpor FOREIGN KEY (cod_ultactualizacionpor) REFERENCES sgrh.tsgrhempleados(cod_empleado) ON UPDATE CASCADE ON DELETE CASCADE;


--
-- Name: tsgrtgrupo fk_cod_ultactualizacionpor; Type: FK CONSTRAINT; Schema: sgrt; Owner: suite
--

ALTER TABLE ONLY sgrt.tsgrtgrupo
    ADD CONSTRAINT fk_cod_ultactualizacionpor FOREIGN KEY (cod_ultactualizacionpor) REFERENCES sgrh.tsgrhempleados(cod_empleado) ON UPDATE CASCADE ON DELETE CASCADE;


--
-- Name: tsgrtayudatopico fk_cod_ultactualizacionpor; Type: FK CONSTRAINT; Schema: sgrt; Owner: suite
--

ALTER TABLE ONLY sgrt.tsgrtayudatopico
    ADD CONSTRAINT fk_cod_ultactualizacionpor FOREIGN KEY (cod_ultactualizacionpor) REFERENCES sgrh.tsgrhempleados(cod_empleado) ON UPDATE CASCADE ON DELETE CASCADE;


--
-- Name: tsgrtnota fk_cod_ultactualizacionpor; Type: FK CONSTRAINT; Schema: sgrt; Owner: suite
--

ALTER TABLE ONLY sgrt.tsgrtnota
    ADD CONSTRAINT fk_cod_ultactualizacionpor FOREIGN KEY (cod_ultactualizacionpor) REFERENCES sgrh.tsgrhempleados(cod_empleado) ON UPDATE CASCADE ON DELETE CASCADE;


--
-- Name: tsgrtplantillacorreos fk_cod_ultactualizacionpor; Type: FK CONSTRAINT; Schema: sgrt; Owner: suite
--

ALTER TABLE ONLY sgrt.tsgrtplantillacorreos
    ADD CONSTRAINT fk_cod_ultactualizacionpor FOREIGN KEY (cod_ultactualizacionpor) REFERENCES sgrh.tsgrhempleados(cod_empleado) ON UPDATE CASCADE ON DELETE CASCADE;


--
-- Name: tsgrtprioridad fk_cod_ultactualizacionpor; Type: FK CONSTRAINT; Schema: sgrt; Owner: suite
--

ALTER TABLE ONLY sgrt.tsgrtprioridad
    ADD CONSTRAINT fk_cod_ultactualizacionpor FOREIGN KEY (cod_ultactualizacionpor) REFERENCES sgrh.tsgrhempleados(cod_empleado) ON UPDATE CASCADE ON DELETE CASCADE;


--
-- Name: tsgrtrespuesta fk_cod_ultactualizacionpor; Type: FK CONSTRAINT; Schema: sgrt; Owner: suite
--

ALTER TABLE ONLY sgrt.tsgrtrespuesta
    ADD CONSTRAINT fk_cod_ultactualizacionpor FOREIGN KEY (cod_ultactualizacionpor) REFERENCES sgrh.tsgrhempleados(cod_empleado) ON UPDATE CASCADE ON DELETE CASCADE;


--
-- Name: tsgrtresppredefinida fk_cod_ultactualizacionpor; Type: FK CONSTRAINT; Schema: sgrt; Owner: suite
--

ALTER TABLE ONLY sgrt.tsgrtresppredefinida
    ADD CONSTRAINT fk_cod_ultactualizacionpor FOREIGN KEY (cod_ultactualizacionpor) REFERENCES sgrh.tsgrhempleados(cod_empleado) ON UPDATE CASCADE ON DELETE CASCADE;


--
-- Name: tsgrtticket fk_cod_ultactualizacionpor; Type: FK CONSTRAINT; Schema: sgrt; Owner: suite
--

ALTER TABLE ONLY sgrt.tsgrtticket
    ADD CONSTRAINT fk_cod_ultactualizacionpor FOREIGN KEY (cod_ultactualizacionpor) REFERENCES sgrh.tsgrhempleados(cod_empleado) ON UPDATE CASCADE ON DELETE CASCADE;


--
-- Name: tsgrtattchticket fk_cod_ultactualizacionpor; Type: FK CONSTRAINT; Schema: sgrt; Owner: suite
--

ALTER TABLE ONLY sgrt.tsgrtattchticket
    ADD CONSTRAINT fk_cod_ultactualizacionpor FOREIGN KEY (cod_ultactualizacionpor) REFERENCES sgrh.tsgrhempleados(cod_empleado) ON UPDATE CASCADE ON DELETE CASCADE;


--
-- Name: tsgrtmsjticket fk_cod_ultactualizacionpor; Type: FK CONSTRAINT; Schema: sgrt; Owner: suite
--

ALTER TABLE ONLY sgrt.tsgrtmsjticket
    ADD CONSTRAINT fk_cod_ultactualizacionpor FOREIGN KEY (cod_ultactualizacionpor) REFERENCES sgrh.tsgrhempleados(cod_empleado) ON UPDATE CASCADE ON DELETE CASCADE;


--
-- Name: tsgrtcorreo fk_cod_usuario; Type: FK CONSTRAINT; Schema: sgrt; Owner: suite
--

ALTER TABLE ONLY sgrt.tsgrtcorreo
    ADD CONSTRAINT fk_cod_usuario FOREIGN KEY (cod_usuario) REFERENCES sgco.tsgcousuarios(cod_usuario) ON UPDATE CASCADE ON DELETE CASCADE;


--
-- Name: tsgrtciudades fk_estadorep; Type: FK CONSTRAINT; Schema: sgrt; Owner: suite
--

ALTER TABLE ONLY sgrt.tsgrtciudades
    ADD CONSTRAINT fk_estadorep FOREIGN KEY (cod_estadorep) REFERENCES sgrt.tsgrtestados(cod_estadorep) ON UPDATE CASCADE ON DELETE CASCADE;


--
-- Name: tsisatprospectos fk_cod_administrador; Type: FK CONSTRAINT; Schema: sisat; Owner: suite
--

ALTER TABLE ONLY sisat.tsisatprospectos
    ADD CONSTRAINT fk_cod_administrador FOREIGN KEY (cod_administrador) REFERENCES sgrh.tsgrhempleados(cod_empleado) ON UPDATE CASCADE ON DELETE CASCADE;


--
-- Name: tsisatcartaasignacion fk_cod_ape; Type: FK CONSTRAINT; Schema: sisat; Owner: suite
--

ALTER TABLE ONLY sisat.tsisatcartaasignacion
    ADD CONSTRAINT fk_cod_ape FOREIGN KEY (cod_ape) REFERENCES sgrh.tsgrhempleados(cod_empleado) ON UPDATE CASCADE ON DELETE CASCADE;


--
-- Name: tsisatfirmas fk_cod_autoriza; Type: FK CONSTRAINT; Schema: sisat; Owner: suite
--

ALTER TABLE ONLY sisat.tsisatfirmas
    ADD CONSTRAINT fk_cod_autoriza FOREIGN KEY (cod_autoriza) REFERENCES sgrh.tsgrhempleados(cod_empleado) ON UPDATE CASCADE ON DELETE CASCADE;


--
-- Name: tsisatordenservicio fk_cod_ciudad; Type: FK CONSTRAINT; Schema: sisat; Owner: suite
--

ALTER TABLE ONLY sisat.tsisatordenservicio
    ADD CONSTRAINT fk_cod_ciudad FOREIGN KEY (cod_ciudad) REFERENCES sgrt.tsgrtciudades(cod_ciudad) ON UPDATE CASCADE ON DELETE CASCADE;


--
-- Name: tsisatcartaasignacion fk_cod_cliente; Type: FK CONSTRAINT; Schema: sisat; Owner: suite
--

ALTER TABLE ONLY sisat.tsisatcartaasignacion
    ADD CONSTRAINT fk_cod_cliente FOREIGN KEY (cod_cliente) REFERENCES sgrh.tsgrhclientes(cod_cliente) ON UPDATE CASCADE ON DELETE CASCADE;


--
-- Name: tsisatordenservicio fk_cod_cliente; Type: FK CONSTRAINT; Schema: sisat; Owner: suite
--

ALTER TABLE ONLY sisat.tsisatordenservicio
    ADD CONSTRAINT fk_cod_cliente FOREIGN KEY (cod_cliente) REFERENCES sgrh.tsgrhclientes(cod_cliente) ON UPDATE CASCADE ON DELETE CASCADE;


--
-- Name: tsisatasignaciones fk_cod_cliente; Type: FK CONSTRAINT; Schema: sisat; Owner: suite
--

ALTER TABLE ONLY sisat.tsisatasignaciones
    ADD CONSTRAINT fk_cod_cliente FOREIGN KEY (cod_cliente) REFERENCES sgrh.tsgrhclientes(cod_cliente) ON UPDATE CASCADE ON DELETE CASCADE;


--
-- Name: tsisatfirmas fk_cod_contratacion; Type: FK CONSTRAINT; Schema: sisat; Owner: suite
--

ALTER TABLE ONLY sisat.tsisatfirmas
    ADD CONSTRAINT fk_cod_contratacion FOREIGN KEY (cod_contratacion) REFERENCES sgrh.tsgrhcontrataciones(cod_contratacion) ON UPDATE CASCADE ON DELETE CASCADE;


--
-- Name: tsisatvacantes fk_cod_creadopor; Type: FK CONSTRAINT; Schema: sisat; Owner: suite
--

ALTER TABLE ONLY sisat.tsisatvacantes
    ADD CONSTRAINT fk_cod_creadopor FOREIGN KEY (cod_creadopor) REFERENCES sgrh.tsgrhempleados(cod_empleado) ON UPDATE CASCADE ON DELETE CASCADE;


--
-- Name: tsisatcartaaceptacion fk_cod_creadopor; Type: FK CONSTRAINT; Schema: sisat; Owner: suite
--

ALTER TABLE ONLY sisat.tsisatcartaaceptacion
    ADD CONSTRAINT fk_cod_creadopor FOREIGN KEY (cod_creadopor) REFERENCES sgrh.tsgrhempleados(cod_empleado) ON UPDATE CASCADE ON DELETE CASCADE;


--
-- Name: tsisatcartaasignacion fk_cod_creadopor; Type: FK CONSTRAINT; Schema: sisat; Owner: suite
--

ALTER TABLE ONLY sisat.tsisatcartaasignacion
    ADD CONSTRAINT fk_cod_creadopor FOREIGN KEY (cod_creadopor) REFERENCES sgrh.tsgrhempleados(cod_empleado) ON UPDATE CASCADE ON DELETE CASCADE;


--
-- Name: tsisatfirmas fk_cod_creadopor; Type: FK CONSTRAINT; Schema: sisat; Owner: suite
--

ALTER TABLE ONLY sisat.tsisatfirmas
    ADD CONSTRAINT fk_cod_creadopor FOREIGN KEY (cod_creadopor) REFERENCES sgrh.tsgrhempleados(cod_empleado) ON UPDATE CASCADE ON DELETE CASCADE;


--
-- Name: tsisatcotizaciones fk_cod_creadopor; Type: FK CONSTRAINT; Schema: sisat; Owner: suite
--

ALTER TABLE ONLY sisat.tsisatcotizaciones
    ADD CONSTRAINT fk_cod_creadopor FOREIGN KEY (cod_creadopor) REFERENCES sgrh.tsgrhempleados(cod_empleado) ON UPDATE CASCADE ON DELETE CASCADE;


--
-- Name: tsisatordenservicio fk_cod_creadopor; Type: FK CONSTRAINT; Schema: sisat; Owner: suite
--

ALTER TABLE ONLY sisat.tsisatordenservicio
    ADD CONSTRAINT fk_cod_creadopor FOREIGN KEY (cod_creadopor) REFERENCES sgrh.tsgrhempleados(cod_empleado) ON UPDATE CASCADE ON DELETE CASCADE;


--
-- Name: tsisatenviocorreos fk_cod_creadopor; Type: FK CONSTRAINT; Schema: sisat; Owner: suite
--

ALTER TABLE ONLY sisat.tsisatenviocorreos
    ADD CONSTRAINT fk_cod_creadopor FOREIGN KEY (cod_creadopor) REFERENCES sgrh.tsgrhempleados(cod_empleado) ON UPDATE CASCADE ON DELETE CASCADE;


--
-- Name: tsisatasignaciones fk_cod_creadopor; Type: FK CONSTRAINT; Schema: sisat; Owner: suite
--

ALTER TABLE ONLY sisat.tsisatasignaciones
    ADD CONSTRAINT fk_cod_creadopor FOREIGN KEY (cod_creadopor) REFERENCES sgrh.tsgrhempleados(cod_empleado) ON UPDATE CASCADE ON DELETE CASCADE;


--
-- Name: tsisatentrevistas fk_cod_creadopor; Type: FK CONSTRAINT; Schema: sisat; Owner: suite
--

ALTER TABLE ONLY sisat.tsisatentrevistas
    ADD CONSTRAINT fk_cod_creadopor FOREIGN KEY (cod_creadopor) REFERENCES sgrh.tsgrhempleados(cod_empleado) ON UPDATE CASCADE ON DELETE CASCADE;


--
-- Name: tsisatprospectos fk_cod_creadopor; Type: FK CONSTRAINT; Schema: sisat; Owner: suite
--

ALTER TABLE ONLY sisat.tsisatprospectos
    ADD CONSTRAINT fk_cod_creadopor FOREIGN KEY (cod_creadopor) REFERENCES sgrh.tsgrhempleados(cod_empleado) ON UPDATE CASCADE ON DELETE CASCADE;


--
-- Name: tsisatproyectos fk_cod_creadopor; Type: FK CONSTRAINT; Schema: sisat; Owner: suite
--

ALTER TABLE ONLY sisat.tsisatproyectos
    ADD CONSTRAINT fk_cod_creadopor FOREIGN KEY (cod_creadopor) REFERENCES sgrh.tsgrhempleados(cod_empleado) ON UPDATE CASCADE ON DELETE CASCADE;


--
-- Name: tsisatordenservicio fk_cod_estadorep; Type: FK CONSTRAINT; Schema: sisat; Owner: suite
--

ALTER TABLE ONLY sisat.tsisatordenservicio
    ADD CONSTRAINT fk_cod_estadorep FOREIGN KEY (cod_estadorep) REFERENCES sgrt.tsgrtestados(cod_estadorep) ON UPDATE CASCADE ON DELETE CASCADE;


--
-- Name: tsisatcartaasignacion fk_cod_gpy; Type: FK CONSTRAINT; Schema: sisat; Owner: suite
--

ALTER TABLE ONLY sisat.tsisatcartaasignacion
    ADD CONSTRAINT fk_cod_gpy FOREIGN KEY (cod_gpy) REFERENCES sgrh.tsgrhempleados(cod_empleado) ON UPDATE CASCADE ON DELETE CASCADE;


--
-- Name: tsisatordenservicio fk_cod_gpy; Type: FK CONSTRAINT; Schema: sisat; Owner: suite
--

ALTER TABLE ONLY sisat.tsisatordenservicio
    ADD CONSTRAINT fk_cod_gpy FOREIGN KEY (cod_gpy) REFERENCES sgrh.tsgrhempleados(cod_empleado) ON UPDATE CASCADE ON DELETE CASCADE;


--
-- Name: tsisatvacantes fk_cod_modificadopor; Type: FK CONSTRAINT; Schema: sisat; Owner: suite
--

ALTER TABLE ONLY sisat.tsisatvacantes
    ADD CONSTRAINT fk_cod_modificadopor FOREIGN KEY (cod_modificadopor) REFERENCES sgrh.tsgrhempleados(cod_empleado) ON UPDATE CASCADE ON DELETE CASCADE;


--
-- Name: tsisatcartaaceptacion fk_cod_modificadopor; Type: FK CONSTRAINT; Schema: sisat; Owner: suite
--

ALTER TABLE ONLY sisat.tsisatcartaaceptacion
    ADD CONSTRAINT fk_cod_modificadopor FOREIGN KEY (cod_modificadopor) REFERENCES sgrh.tsgrhempleados(cod_empleado) ON UPDATE CASCADE ON DELETE CASCADE;


--
-- Name: tsisatcartaasignacion fk_cod_modificadopor; Type: FK CONSTRAINT; Schema: sisat; Owner: suite
--

ALTER TABLE ONLY sisat.tsisatcartaasignacion
    ADD CONSTRAINT fk_cod_modificadopor FOREIGN KEY (cod_modificadopor) REFERENCES sgrh.tsgrhempleados(cod_empleado) ON UPDATE CASCADE ON DELETE CASCADE;


--
-- Name: tsisatfirmas fk_cod_modificadopor; Type: FK CONSTRAINT; Schema: sisat; Owner: suite
--

ALTER TABLE ONLY sisat.tsisatfirmas
    ADD CONSTRAINT fk_cod_modificadopor FOREIGN KEY (cod_modificadopor) REFERENCES sgrh.tsgrhempleados(cod_empleado) ON UPDATE CASCADE ON DELETE CASCADE;


--
-- Name: tsisatcotizaciones fk_cod_modificadopor; Type: FK CONSTRAINT; Schema: sisat; Owner: suite
--

ALTER TABLE ONLY sisat.tsisatcotizaciones
    ADD CONSTRAINT fk_cod_modificadopor FOREIGN KEY (cod_modificadopor) REFERENCES sgrh.tsgrhempleados(cod_empleado) ON UPDATE CASCADE ON DELETE CASCADE;


--
-- Name: tsisatordenservicio fk_cod_modificadopor; Type: FK CONSTRAINT; Schema: sisat; Owner: suite
--

ALTER TABLE ONLY sisat.tsisatordenservicio
    ADD CONSTRAINT fk_cod_modificadopor FOREIGN KEY (cod_modificadopor) REFERENCES sgrh.tsgrhempleados(cod_empleado) ON UPDATE CASCADE ON DELETE CASCADE;


--
-- Name: tsisatenviocorreos fk_cod_modificadopor; Type: FK CONSTRAINT; Schema: sisat; Owner: suite
--

ALTER TABLE ONLY sisat.tsisatenviocorreos
    ADD CONSTRAINT fk_cod_modificadopor FOREIGN KEY (cod_modificadopor) REFERENCES sgrh.tsgrhempleados(cod_empleado) ON UPDATE CASCADE ON DELETE CASCADE;


--
-- Name: tsisatasignaciones fk_cod_modificadopor; Type: FK CONSTRAINT; Schema: sisat; Owner: suite
--

ALTER TABLE ONLY sisat.tsisatasignaciones
    ADD CONSTRAINT fk_cod_modificadopor FOREIGN KEY (cod_modificadopor) REFERENCES sgrh.tsgrhempleados(cod_empleado) ON UPDATE CASCADE ON DELETE CASCADE;


--
-- Name: tsisatentrevistas fk_cod_modificadopor; Type: FK CONSTRAINT; Schema: sisat; Owner: suite
--

ALTER TABLE ONLY sisat.tsisatentrevistas
    ADD CONSTRAINT fk_cod_modificadopor FOREIGN KEY (cod_modificadopor) REFERENCES sgrh.tsgrhempleados(cod_empleado) ON UPDATE CASCADE ON DELETE CASCADE;


--
-- Name: tsisatprospectos fk_cod_modificadopor; Type: FK CONSTRAINT; Schema: sisat; Owner: suite
--

ALTER TABLE ONLY sisat.tsisatprospectos
    ADD CONSTRAINT fk_cod_modificadopor FOREIGN KEY (cod_modificadopor) REFERENCES sgrh.tsgrhempleados(cod_empleado) ON UPDATE CASCADE ON DELETE CASCADE;


--
-- Name: tsisatproyectos fk_cod_modificadopor; Type: FK CONSTRAINT; Schema: sisat; Owner: suite
--

ALTER TABLE ONLY sisat.tsisatproyectos
    ADD CONSTRAINT fk_cod_modificadopor FOREIGN KEY (cod_modificadopor) REFERENCES sgrh.tsgrhempleados(cod_empleado) ON UPDATE CASCADE ON DELETE CASCADE;


--
-- Name: tsisatcartaasignacion fk_cod_perfil; Type: FK CONSTRAINT; Schema: sisat; Owner: suite
--

ALTER TABLE ONLY sisat.tsisatcartaasignacion
    ADD CONSTRAINT fk_cod_perfil FOREIGN KEY (cod_perfil) REFERENCES sgrh.tsgrhperfiles(cod_perfil) ON UPDATE CASCADE ON DELETE CASCADE;


--
-- Name: tsisatcandidatos fk_cod_perfil; Type: FK CONSTRAINT; Schema: sisat; Owner: suite
--

ALTER TABLE ONLY sisat.tsisatcandidatos
    ADD CONSTRAINT fk_cod_perfil FOREIGN KEY (cod_perfil) REFERENCES sgrh.tsgrhperfiles(cod_perfil) ON UPDATE CASCADE ON DELETE CASCADE;


--
-- Name: tsisatasignaciones fk_cod_perfil; Type: FK CONSTRAINT; Schema: sisat; Owner: suite
--

ALTER TABLE ONLY sisat.tsisatasignaciones
    ADD CONSTRAINT fk_cod_perfil FOREIGN KEY (cod_perfil) REFERENCES sgrh.tsgrhperfiles(cod_perfil) ON UPDATE CASCADE ON DELETE CASCADE;


--
-- Name: tsisatproyectos fk_cod_perfil; Type: FK CONSTRAINT; Schema: sisat; Owner: suite
--

ALTER TABLE ONLY sisat.tsisatproyectos
    ADD CONSTRAINT fk_cod_perfil FOREIGN KEY (cod_perfil) REFERENCES sgrh.tsgrhperfiles(cod_perfil) ON UPDATE CASCADE ON DELETE CASCADE;


--
-- Name: tsisatcartaasignacion fk_cod_prospecto; Type: FK CONSTRAINT; Schema: sisat; Owner: suite
--

ALTER TABLE ONLY sisat.tsisatcartaasignacion
    ADD CONSTRAINT fk_cod_prospecto FOREIGN KEY (cod_prospecto) REFERENCES sisat.tsisatprospectos(cod_prospecto) ON UPDATE CASCADE ON DELETE CASCADE;


--
-- Name: tsisatasignaciones fk_cod_prospecto; Type: FK CONSTRAINT; Schema: sisat; Owner: suite
--

ALTER TABLE ONLY sisat.tsisatasignaciones
    ADD CONSTRAINT fk_cod_prospecto FOREIGN KEY (cod_prospecto) REFERENCES sisat.tsisatprospectos(cod_prospecto) ON UPDATE CASCADE ON DELETE CASCADE;


--
-- Name: tsisatproyectos fk_cod_prospecto; Type: FK CONSTRAINT; Schema: sisat; Owner: suite
--

ALTER TABLE ONLY sisat.tsisatproyectos
    ADD CONSTRAINT fk_cod_prospecto FOREIGN KEY (cod_prospecto) REFERENCES sisat.tsisatprospectos(cod_prospecto) ON UPDATE CASCADE ON DELETE CASCADE;


--
-- Name: tsisatexperienciaslaborales fk_cod_prospecto; Type: FK CONSTRAINT; Schema: sisat; Owner: suite
--

ALTER TABLE ONLY sisat.tsisatexperienciaslaborales
    ADD CONSTRAINT fk_cod_prospecto FOREIGN KEY (cod_prospecto) REFERENCES sisat.tsisatprospectos(cod_prospecto) ON UPDATE CASCADE ON DELETE CASCADE;


--
-- Name: tsisatescolaridad fk_cod_prospecto; Type: FK CONSTRAINT; Schema: sisat; Owner: suite
--

ALTER TABLE ONLY sisat.tsisatescolaridad
    ADD CONSTRAINT fk_cod_prospecto FOREIGN KEY (cod_prospecto) REFERENCES sisat.tsisatprospectos(cod_prospecto) ON UPDATE CASCADE ON DELETE CASCADE;


--
-- Name: tsisatcursosycerticados fk_cod_prospecto; Type: FK CONSTRAINT; Schema: sisat; Owner: suite
--

ALTER TABLE ONLY sisat.tsisatcursosycerticados
    ADD CONSTRAINT fk_cod_prospecto FOREIGN KEY (cod_prospecto) REFERENCES sisat.tsisatprospectos(cod_prospecto) ON UPDATE CASCADE ON DELETE CASCADE;


--
-- Name: tsisatidiomas fk_cod_prospecto; Type: FK CONSTRAINT; Schema: sisat; Owner: suite
--

ALTER TABLE ONLY sisat.tsisatidiomas
    ADD CONSTRAINT fk_cod_prospecto FOREIGN KEY (cod_prospecto) REFERENCES sisat.tsisatprospectos(cod_prospecto) ON UPDATE CASCADE ON DELETE CASCADE;


--
-- Name: tsisatcotizaciones fk_cod_puesto; Type: FK CONSTRAINT; Schema: sisat; Owner: suite
--

ALTER TABLE ONLY sisat.tsisatcotizaciones
    ADD CONSTRAINT fk_cod_puesto FOREIGN KEY (cod_puesto) REFERENCES sgrh.tsgrhpuestos(cod_puesto) ON UPDATE CASCADE ON DELETE CASCADE;


--
-- Name: tsisatordenservicio fk_cod_puesto; Type: FK CONSTRAINT; Schema: sisat; Owner: suite
--

ALTER TABLE ONLY sisat.tsisatordenservicio
    ADD CONSTRAINT fk_cod_puesto FOREIGN KEY (cod_puesto) REFERENCES sgrh.tsgrhpuestos(cod_puesto) ON UPDATE CASCADE ON DELETE CASCADE;


--
-- Name: tsisatfirmas fk_cod_puestoautoriza; Type: FK CONSTRAINT; Schema: sisat; Owner: suite
--

ALTER TABLE ONLY sisat.tsisatfirmas
    ADD CONSTRAINT fk_cod_puestoautoriza FOREIGN KEY (cod_puestoautoriza) REFERENCES sgrh.tsgrhpuestos(cod_puesto) ON UPDATE CASCADE ON DELETE CASCADE;


--
-- Name: tsisatfirmas fk_cod_puestosolicita; Type: FK CONSTRAINT; Schema: sisat; Owner: suite
--

ALTER TABLE ONLY sisat.tsisatfirmas
    ADD CONSTRAINT fk_cod_puestosolicita FOREIGN KEY (cod_puestosolicita) REFERENCES sgrh.tsgrhpuestos(cod_puesto) ON UPDATE CASCADE ON DELETE CASCADE;


--
-- Name: tsisatcartaasignacion fk_cod_rhat; Type: FK CONSTRAINT; Schema: sisat; Owner: suite
--

ALTER TABLE ONLY sisat.tsisatcartaasignacion
    ADD CONSTRAINT fk_cod_rhat FOREIGN KEY (cod_rhta) REFERENCES sgrh.tsgrhempleados(cod_empleado) ON UPDATE CASCADE ON DELETE CASCADE;


--
-- Name: tsisatcartaasignacion fk_cod_rys; Type: FK CONSTRAINT; Schema: sisat; Owner: suite
--

ALTER TABLE ONLY sisat.tsisatcartaasignacion
    ADD CONSTRAINT fk_cod_rys FOREIGN KEY (cod_rys) REFERENCES sgrh.tsgrhempleados(cod_empleado) ON UPDATE CASCADE ON DELETE CASCADE;


--
-- Name: tsisatfirmas fk_cod_solicita; Type: FK CONSTRAINT; Schema: sisat; Owner: suite
--

ALTER TABLE ONLY sisat.tsisatfirmas
    ADD CONSTRAINT fk_cod_solicita FOREIGN KEY (cod_solicita) REFERENCES sgrh.tsgrhempleados(cod_empleado) ON UPDATE CASCADE ON DELETE CASCADE;


--
-- Name: SCHEMA sgco; Type: ACL; Schema: -; Owner: suite
--

REVOKE ALL ON SCHEMA sgco FROM suite;
GRANT ALL ON SCHEMA sgco TO suite WITH GRANT OPTION;


--
-- Name: SCHEMA sgrh; Type: ACL; Schema: -; Owner: suite
--

REVOKE ALL ON SCHEMA sgrh FROM suite;
GRANT ALL ON SCHEMA sgrh TO suite WITH GRANT OPTION;


--
-- Name: TYPE destinatario; Type: ACL; Schema: sgrt; Owner: suite
--

REVOKE ALL ON TYPE sgrt.destinatario FROM suite;
GRANT ALL ON TYPE sgrt.destinatario TO suite WITH GRANT OPTION;


--
-- Name: TYPE edoticket; Type: ACL; Schema: sgrt; Owner: suite
--

REVOKE ALL ON TYPE sgrt.edoticket FROM suite;
GRANT ALL ON TYPE sgrt.edoticket TO suite WITH GRANT OPTION;


--
-- Name: TYPE encriptacion; Type: ACL; Schema: sgrt; Owner: suite
--

REVOKE ALL ON TYPE sgrt.encriptacion FROM suite;
GRANT ALL ON TYPE sgrt.encriptacion TO suite WITH GRANT OPTION;


--
-- Name: TYPE estatus; Type: ACL; Schema: sgrt; Owner: suite
--

REVOKE ALL ON TYPE sgrt.estatus FROM suite;
GRANT ALL ON TYPE sgrt.estatus TO suite WITH GRANT OPTION;


--
-- Name: TYPE estatus_compromiso; Type: ACL; Schema: sgrt; Owner: suite
--

REVOKE ALL ON TYPE sgrt.estatus_compromiso FROM suite;
GRANT ALL ON TYPE sgrt.estatus_compromiso TO suite WITH GRANT OPTION;


--
-- Name: TYPE modulo; Type: ACL; Schema: sgrt; Owner: suite
--

REVOKE ALL ON TYPE sgrt.modulo FROM suite;
GRANT ALL ON TYPE sgrt.modulo TO suite WITH GRANT OPTION;


--
-- Name: TYPE origencontac; Type: ACL; Schema: sgrt; Owner: suite
--

REVOKE ALL ON TYPE sgrt.origencontac FROM suite;
GRANT ALL ON TYPE sgrt.origencontac TO suite WITH GRANT OPTION;


--
-- Name: TYPE prioridad; Type: ACL; Schema: sgrt; Owner: suite
--

REVOKE ALL ON TYPE sgrt.prioridad FROM suite;
GRANT ALL ON TYPE sgrt.prioridad TO suite WITH GRANT OPTION;


--
-- Name: TYPE protocolo; Type: ACL; Schema: sgrt; Owner: suite
--

REVOKE ALL ON TYPE sgrt.protocolo FROM suite;
GRANT ALL ON TYPE sgrt.protocolo TO suite WITH GRANT OPTION;


--
-- Name: TYPE tipo; Type: ACL; Schema: sgrt; Owner: suite
--

REVOKE ALL ON TYPE sgrt.tipo FROM suite;
GRANT ALL ON TYPE sgrt.tipo TO suite WITH GRANT OPTION;


--
-- Name: TYPE tipo_compromiso; Type: ACL; Schema: sgrt; Owner: suite
--

REVOKE ALL ON TYPE sgrt.tipo_compromiso FROM suite;
GRANT ALL ON TYPE sgrt.tipo_compromiso TO suite WITH GRANT OPTION;


--
-- Name: FUNCTION factualizarfecha(); Type: ACL; Schema: sgrh; Owner: postgres
--

GRANT ALL ON FUNCTION sgrh.factualizarfecha() TO suite WITH GRANT OPTION;


--
-- Name: FUNCTION buscar_asistentes_minuta(reunionid integer); Type: ACL; Schema: sgrt; Owner: suite
--

REVOKE ALL ON FUNCTION sgrt.buscar_asistentes_minuta(reunionid integer) FROM suite;
GRANT ALL ON FUNCTION sgrt.buscar_asistentes_minuta(reunionid integer) TO suite WITH GRANT OPTION;


--
-- Name: FUNCTION buscar_compromisos_roles_list(reunionid integer); Type: ACL; Schema: sgrt; Owner: suite
--

REVOKE ALL ON FUNCTION sgrt.buscar_compromisos_roles_list(reunionid integer) FROM suite;
GRANT ALL ON FUNCTION sgrt.buscar_compromisos_roles_list(reunionid integer) TO suite WITH GRANT OPTION;


--
-- Name: FUNCTION buscar_minutas_fechas(fecha_inicio text, fecha_fin text); Type: ACL; Schema: sgrt; Owner: suite
--

REVOKE ALL ON FUNCTION sgrt.buscar_minutas_fechas(fecha_inicio text, fecha_fin text) FROM suite;
GRANT ALL ON FUNCTION sgrt.buscar_minutas_fechas(fecha_inicio text, fecha_fin text) TO suite WITH GRANT OPTION;


--
-- Name: FUNCTION buscar_proxima_reunion(reunionid integer, OUT cod_reunion integer, OUT des_nombre_reunion character varying, OUT fec_fecha text, OUT cod_lugar integer, OUT tim_hora character varying, OUT des_nombre_lugar character varying, OUT cod_ciudad integer, OUT des_nbciudad character varying, OUT cod_estadorep_ciudad integer, OUT des_nbestado character varying, OUT cod_estadorep_estado integer); Type: ACL; Schema: sgrt; Owner: suite
--

REVOKE ALL ON FUNCTION sgrt.buscar_proxima_reunion(reunionid integer, OUT cod_reunion integer, OUT des_nombre_reunion character varying, OUT fec_fecha text, OUT cod_lugar integer, OUT tim_hora character varying, OUT des_nombre_lugar character varying, OUT cod_ciudad integer, OUT des_nbciudad character varying, OUT cod_estadorep_ciudad integer, OUT des_nbestado character varying, OUT cod_estadorep_estado integer) FROM suite;
GRANT ALL ON FUNCTION sgrt.buscar_proxima_reunion(reunionid integer, OUT cod_reunion integer, OUT des_nombre_reunion character varying, OUT fec_fecha text, OUT cod_lugar integer, OUT tim_hora character varying, OUT des_nombre_lugar character varying, OUT cod_ciudad integer, OUT des_nbciudad character varying, OUT cod_estadorep_ciudad integer, OUT des_nbestado character varying, OUT cod_estadorep_estado integer) TO suite WITH GRANT OPTION;


--
-- Name: FUNCTION compromisos_areas_fechas(fecha_inicio text, fecha_fin text); Type: ACL; Schema: sgrt; Owner: suite
--

REVOKE ALL ON FUNCTION sgrt.compromisos_areas_fechas(fecha_inicio text, fecha_fin text) FROM suite;
GRANT ALL ON FUNCTION sgrt.compromisos_areas_fechas(fecha_inicio text, fecha_fin text) TO suite WITH GRANT OPTION;


--
-- Name: FUNCTION compromisos_dia(fechacompromiso text); Type: ACL; Schema: sgrt; Owner: suite
--

REVOKE ALL ON FUNCTION sgrt.compromisos_dia(fechacompromiso text) FROM suite;
GRANT ALL ON FUNCTION sgrt.compromisos_dia(fechacompromiso text) TO suite WITH GRANT OPTION;


--
-- Name: FUNCTION compromisos_generales(); Type: ACL; Schema: sgrt; Owner: suite
--

REVOKE ALL ON FUNCTION sgrt.compromisos_generales() FROM suite;
GRANT ALL ON FUNCTION sgrt.compromisos_generales() TO suite WITH GRANT OPTION;


--
-- Name: FUNCTION reporte_por_tema(reunionid integer); Type: ACL; Schema: sgrt; Owner: suite
--

REVOKE ALL ON FUNCTION sgrt.reporte_por_tema(reunionid integer) FROM suite;
GRANT ALL ON FUNCTION sgrt.reporte_por_tema(reunionid integer) TO suite WITH GRANT OPTION;


--
-- Name: SEQUENCE seq_sistema; Type: ACL; Schema: sgco; Owner: suite
--

REVOKE ALL ON SEQUENCE sgco.seq_sistema FROM suite;
GRANT UPDATE ON SEQUENCE sgco.seq_sistema TO suite;
GRANT SELECT,USAGE ON SEQUENCE sgco.seq_sistema TO suite WITH GRANT OPTION;


--
-- Name: SEQUENCE seq_tipousuario; Type: ACL; Schema: sgco; Owner: suite
--

REVOKE ALL ON SEQUENCE sgco.seq_tipousuario FROM suite;
GRANT UPDATE ON SEQUENCE sgco.seq_tipousuario TO suite;
GRANT SELECT,USAGE ON SEQUENCE sgco.seq_tipousuario TO suite WITH GRANT OPTION;


--
-- Name: SEQUENCE seq_usuarios; Type: ACL; Schema: sgco; Owner: suite
--

REVOKE ALL ON SEQUENCE sgco.seq_usuarios FROM suite;
GRANT UPDATE ON SEQUENCE sgco.seq_usuarios TO suite;
GRANT SELECT,USAGE ON SEQUENCE sgco.seq_usuarios TO suite WITH GRANT OPTION;


--
-- Name: TABLE tsgcosistemas; Type: ACL; Schema: sgco; Owner: suite
--

REVOKE ALL ON TABLE sgco.tsgcosistemas FROM suite;
GRANT ALL ON TABLE sgco.tsgcosistemas TO suite WITH GRANT OPTION;


--
-- Name: TABLE tsgcotipousuario; Type: ACL; Schema: sgco; Owner: suite
--

REVOKE ALL ON TABLE sgco.tsgcotipousuario FROM suite;
GRANT ALL ON TABLE sgco.tsgcotipousuario TO suite WITH GRANT OPTION;


--
-- Name: TABLE tsgcousuarios; Type: ACL; Schema: sgco; Owner: suite
--

REVOKE ALL ON TABLE sgco.tsgcousuarios FROM suite;
GRANT ALL ON TABLE sgco.tsgcousuarios TO suite WITH GRANT OPTION;


--
-- Name: SEQUENCE seq_cat_encuesta_participantes; Type: ACL; Schema: sgrh; Owner: postgres
--

GRANT SELECT,USAGE ON SEQUENCE sgrh.seq_cat_encuesta_participantes TO suite WITH GRANT OPTION;


--
-- Name: SEQUENCE seq_catrespuestas; Type: ACL; Schema: sgrh; Owner: postgres
--

GRANT SELECT,USAGE ON SEQUENCE sgrh.seq_catrespuestas TO suite WITH GRANT OPTION;


--
-- Name: SEQUENCE seq_reglogistica; Type: ACL; Schema: sgrh; Owner: postgres
--

GRANT SELECT,USAGE ON SEQUENCE sgrh.seq_reglogistica TO suite WITH GRANT OPTION;


--
-- Name: TABLE tsgrhcatrespuestas; Type: ACL; Schema: sgrh; Owner: suite
--

REVOKE ALL ON TABLE sgrh.tsgrhcatrespuestas FROM suite;
GRANT ALL ON TABLE sgrh.tsgrhcatrespuestas TO suite WITH GRANT OPTION;


--
-- Name: TABLE tsgrhencuesta_participantes; Type: ACL; Schema: sgrh; Owner: suite
--

REVOKE ALL ON TABLE sgrh.tsgrhencuesta_participantes FROM suite;
GRANT ALL ON TABLE sgrh.tsgrhencuesta_participantes TO suite WITH GRANT OPTION;


--
-- Name: TABLE tsgrhreglogistica; Type: ACL; Schema: sgrh; Owner: postgres
--

GRANT ALL ON TABLE sgrh.tsgrhreglogistica TO suite WITH GRANT OPTION;


--
-- Name: SEQUENCE seq_agenda; Type: ACL; Schema: sgrt; Owner: suite
--

REVOKE ALL ON SEQUENCE sgrt.seq_agenda FROM suite;
GRANT UPDATE ON SEQUENCE sgrt.seq_agenda TO suite;
GRANT SELECT,USAGE ON SEQUENCE sgrt.seq_agenda TO suite WITH GRANT OPTION;


--
-- Name: SEQUENCE seq_archivo; Type: ACL; Schema: sgrt; Owner: suite
--

REVOKE ALL ON SEQUENCE sgrt.seq_archivo FROM suite;
GRANT UPDATE ON SEQUENCE sgrt.seq_archivo TO suite;
GRANT SELECT,USAGE ON SEQUENCE sgrt.seq_archivo TO suite WITH GRANT OPTION;


--
-- Name: SEQUENCE seq_asistente; Type: ACL; Schema: sgrt; Owner: suite
--

REVOKE ALL ON SEQUENCE sgrt.seq_asistente FROM suite;
GRANT UPDATE ON SEQUENCE sgrt.seq_asistente TO suite;
GRANT SELECT,USAGE ON SEQUENCE sgrt.seq_asistente TO suite WITH GRANT OPTION;


--
-- Name: SEQUENCE seq_attach; Type: ACL; Schema: sgrt; Owner: suite
--

REVOKE ALL ON SEQUENCE sgrt.seq_attach FROM suite;
GRANT UPDATE ON SEQUENCE sgrt.seq_attach TO suite;
GRANT SELECT,USAGE ON SEQUENCE sgrt.seq_attach TO suite WITH GRANT OPTION;


--
-- Name: SEQUENCE seq_categoriafaq; Type: ACL; Schema: sgrt; Owner: suite
--

REVOKE ALL ON SEQUENCE sgrt.seq_categoriafaq FROM suite;
GRANT UPDATE ON SEQUENCE sgrt.seq_categoriafaq TO suite;
GRANT SELECT,USAGE ON SEQUENCE sgrt.seq_categoriafaq TO suite WITH GRANT OPTION;


--
-- Name: SEQUENCE seq_chat; Type: ACL; Schema: sgrt; Owner: suite
--

REVOKE ALL ON SEQUENCE sgrt.seq_chat FROM suite;
GRANT UPDATE ON SEQUENCE sgrt.seq_chat TO suite;
GRANT SELECT,USAGE ON SEQUENCE sgrt.seq_chat TO suite WITH GRANT OPTION;


--
-- Name: SEQUENCE seq_ciudad; Type: ACL; Schema: sgrt; Owner: suite
--

REVOKE ALL ON SEQUENCE sgrt.seq_ciudad FROM suite;
GRANT UPDATE ON SEQUENCE sgrt.seq_ciudad TO suite;
GRANT SELECT,USAGE ON SEQUENCE sgrt.seq_ciudad TO suite WITH GRANT OPTION;


--
-- Name: SEQUENCE seq_comentsagenda; Type: ACL; Schema: sgrt; Owner: suite
--

REVOKE ALL ON SEQUENCE sgrt.seq_comentsagenda FROM suite;
GRANT UPDATE ON SEQUENCE sgrt.seq_comentsagenda TO suite;
GRANT SELECT,USAGE ON SEQUENCE sgrt.seq_comentsagenda TO suite WITH GRANT OPTION;


--
-- Name: SEQUENCE seq_comentsreunion; Type: ACL; Schema: sgrt; Owner: suite
--

REVOKE ALL ON SEQUENCE sgrt.seq_comentsreunion FROM suite;
GRANT UPDATE ON SEQUENCE sgrt.seq_comentsreunion TO suite;
GRANT SELECT,USAGE ON SEQUENCE sgrt.seq_comentsreunion TO suite WITH GRANT OPTION;


--
-- Name: SEQUENCE seq_compromiso; Type: ACL; Schema: sgrt; Owner: suite
--

REVOKE ALL ON SEQUENCE sgrt.seq_compromiso FROM suite;
GRANT UPDATE ON SEQUENCE sgrt.seq_compromiso TO suite;
GRANT SELECT,USAGE ON SEQUENCE sgrt.seq_compromiso TO suite WITH GRANT OPTION;


--
-- Name: SEQUENCE seq_contacto; Type: ACL; Schema: sgrt; Owner: suite
--

REVOKE ALL ON SEQUENCE sgrt.seq_contacto FROM suite;
GRANT UPDATE ON SEQUENCE sgrt.seq_contacto TO suite;
GRANT SELECT,USAGE ON SEQUENCE sgrt.seq_contacto TO suite WITH GRANT OPTION;


--
-- Name: SEQUENCE seq_correo; Type: ACL; Schema: sgrt; Owner: suite
--

REVOKE ALL ON SEQUENCE sgrt.seq_correo FROM suite;
GRANT UPDATE ON SEQUENCE sgrt.seq_correo TO suite;
GRANT SELECT,USAGE ON SEQUENCE sgrt.seq_correo TO suite WITH GRANT OPTION;


--
-- Name: SEQUENCE seq_depto; Type: ACL; Schema: sgrt; Owner: suite
--

REVOKE ALL ON SEQUENCE sgrt.seq_depto FROM suite;
GRANT UPDATE ON SEQUENCE sgrt.seq_depto TO suite;
GRANT SELECT,USAGE ON SEQUENCE sgrt.seq_depto TO suite WITH GRANT OPTION;


--
-- Name: SEQUENCE seq_edoacuerdo; Type: ACL; Schema: sgrt; Owner: suite
--

REVOKE ALL ON SEQUENCE sgrt.seq_edoacuerdo FROM suite;
GRANT UPDATE ON SEQUENCE sgrt.seq_edoacuerdo TO suite;
GRANT SELECT,USAGE ON SEQUENCE sgrt.seq_edoacuerdo TO suite WITH GRANT OPTION;


--
-- Name: SEQUENCE seq_elemento; Type: ACL; Schema: sgrt; Owner: suite
--

REVOKE ALL ON SEQUENCE sgrt.seq_elemento FROM suite;
GRANT UPDATE ON SEQUENCE sgrt.seq_elemento TO suite;
GRANT SELECT,USAGE ON SEQUENCE sgrt.seq_elemento TO suite WITH GRANT OPTION;


--
-- Name: SEQUENCE seq_estadorep; Type: ACL; Schema: sgrt; Owner: suite
--

REVOKE ALL ON SEQUENCE sgrt.seq_estadorep FROM suite;
GRANT UPDATE ON SEQUENCE sgrt.seq_estadorep TO suite;
GRANT SELECT,USAGE ON SEQUENCE sgrt.seq_estadorep TO suite WITH GRANT OPTION;


--
-- Name: SEQUENCE seq_faq; Type: ACL; Schema: sgrt; Owner: suite
--

REVOKE ALL ON SEQUENCE sgrt.seq_faq FROM suite;
GRANT UPDATE ON SEQUENCE sgrt.seq_faq TO suite;
GRANT SELECT,USAGE ON SEQUENCE sgrt.seq_faq TO suite WITH GRANT OPTION;


--
-- Name: SEQUENCE seq_grupo; Type: ACL; Schema: sgrt; Owner: suite
--

REVOKE ALL ON SEQUENCE sgrt.seq_grupo FROM suite;
GRANT UPDATE ON SEQUENCE sgrt.seq_grupo TO suite;
GRANT SELECT,USAGE ON SEQUENCE sgrt.seq_grupo TO suite WITH GRANT OPTION;


--
-- Name: SEQUENCE seq_invitado; Type: ACL; Schema: sgrt; Owner: suite
--

REVOKE ALL ON SEQUENCE sgrt.seq_invitado FROM suite;
GRANT UPDATE ON SEQUENCE sgrt.seq_invitado TO suite;
GRANT SELECT,USAGE ON SEQUENCE sgrt.seq_invitado TO suite WITH GRANT OPTION;


--
-- Name: SEQUENCE seq_lugar; Type: ACL; Schema: sgrt; Owner: suite
--

REVOKE ALL ON SEQUENCE sgrt.seq_lugar FROM suite;
GRANT UPDATE ON SEQUENCE sgrt.seq_lugar TO suite;
GRANT SELECT,USAGE ON SEQUENCE sgrt.seq_lugar TO suite WITH GRANT OPTION;


--
-- Name: SEQUENCE seq_mensaje; Type: ACL; Schema: sgrt; Owner: suite
--

REVOKE ALL ON SEQUENCE sgrt.seq_mensaje FROM suite;
GRANT UPDATE ON SEQUENCE sgrt.seq_mensaje TO suite;
GRANT SELECT,USAGE ON SEQUENCE sgrt.seq_mensaje TO suite WITH GRANT OPTION;


--
-- Name: SEQUENCE seq_nota; Type: ACL; Schema: sgrt; Owner: suite
--

REVOKE ALL ON SEQUENCE sgrt.seq_nota FROM suite;
GRANT UPDATE ON SEQUENCE sgrt.seq_nota TO suite;
GRANT SELECT,USAGE ON SEQUENCE sgrt.seq_nota TO suite WITH GRANT OPTION;


--
-- Name: SEQUENCE seq_plantillacorreo; Type: ACL; Schema: sgrt; Owner: suite
--

REVOKE ALL ON SEQUENCE sgrt.seq_plantillacorreo FROM suite;
GRANT UPDATE ON SEQUENCE sgrt.seq_plantillacorreo TO suite;
GRANT SELECT,USAGE ON SEQUENCE sgrt.seq_plantillacorreo TO suite WITH GRANT OPTION;


--
-- Name: SEQUENCE seq_prioridad; Type: ACL; Schema: sgrt; Owner: suite
--

REVOKE ALL ON SEQUENCE sgrt.seq_prioridad FROM suite;
GRANT UPDATE ON SEQUENCE sgrt.seq_prioridad TO suite;
GRANT SELECT,USAGE ON SEQUENCE sgrt.seq_prioridad TO suite WITH GRANT OPTION;


--
-- Name: SEQUENCE seq_resp; Type: ACL; Schema: sgrt; Owner: suite
--

REVOKE ALL ON SEQUENCE sgrt.seq_resp FROM suite;
GRANT UPDATE ON SEQUENCE sgrt.seq_resp TO suite;
GRANT SELECT,USAGE ON SEQUENCE sgrt.seq_resp TO suite WITH GRANT OPTION;


--
-- Name: SEQUENCE seq_respuesta; Type: ACL; Schema: sgrt; Owner: suite
--

REVOKE ALL ON SEQUENCE sgrt.seq_respuesta FROM suite;
GRANT UPDATE ON SEQUENCE sgrt.seq_respuesta TO suite;
GRANT SELECT,USAGE ON SEQUENCE sgrt.seq_respuesta TO suite WITH GRANT OPTION;


--
-- Name: SEQUENCE seq_reunion; Type: ACL; Schema: sgrt; Owner: suite
--

REVOKE ALL ON SEQUENCE sgrt.seq_reunion FROM suite;
GRANT UPDATE ON SEQUENCE sgrt.seq_reunion TO suite;
GRANT SELECT,USAGE ON SEQUENCE sgrt.seq_reunion TO suite WITH GRANT OPTION;


--
-- Name: SEQUENCE seq_servicio; Type: ACL; Schema: sgrt; Owner: suite
--

REVOKE ALL ON SEQUENCE sgrt.seq_servicio FROM suite;
GRANT UPDATE ON SEQUENCE sgrt.seq_servicio TO suite;
GRANT SELECT,USAGE ON SEQUENCE sgrt.seq_servicio TO suite WITH GRANT OPTION;


--
-- Name: SEQUENCE seq_solicitud; Type: ACL; Schema: sgrt; Owner: suite
--

REVOKE ALL ON SEQUENCE sgrt.seq_solicitud FROM suite;
GRANT UPDATE ON SEQUENCE sgrt.seq_solicitud TO suite;
GRANT SELECT,USAGE ON SEQUENCE sgrt.seq_solicitud TO suite WITH GRANT OPTION;


--
-- Name: SEQUENCE seq_ticket; Type: ACL; Schema: sgrt; Owner: suite
--

REVOKE ALL ON SEQUENCE sgrt.seq_ticket FROM suite;
GRANT UPDATE ON SEQUENCE sgrt.seq_ticket TO suite;
GRANT SELECT,USAGE ON SEQUENCE sgrt.seq_ticket TO suite WITH GRANT OPTION;


--
-- Name: SEQUENCE seq_topico; Type: ACL; Schema: sgrt; Owner: suite
--

REVOKE ALL ON SEQUENCE sgrt.seq_topico FROM suite;
GRANT UPDATE ON SEQUENCE sgrt.seq_topico TO suite;
GRANT SELECT,USAGE ON SEQUENCE sgrt.seq_topico TO suite WITH GRANT OPTION;


--
-- Name: TABLE tsgrtagenda; Type: ACL; Schema: sgrt; Owner: suite
--

REVOKE ALL ON TABLE sgrt.tsgrtagenda FROM suite;
GRANT ALL ON TABLE sgrt.tsgrtagenda TO suite WITH GRANT OPTION;


--
-- Name: TABLE tsgrtarchivos; Type: ACL; Schema: sgrt; Owner: suite
--

REVOKE ALL ON TABLE sgrt.tsgrtarchivos FROM suite;
GRANT ALL ON TABLE sgrt.tsgrtarchivos TO suite WITH GRANT OPTION;


--
-- Name: TABLE tsgrtasistentes; Type: ACL; Schema: sgrt; Owner: suite
--

REVOKE ALL ON TABLE sgrt.tsgrtasistentes FROM suite;
GRANT ALL ON TABLE sgrt.tsgrtasistentes TO suite WITH GRANT OPTION;


--
-- Name: TABLE tsgrtattchticket; Type: ACL; Schema: sgrt; Owner: suite
--

REVOKE ALL ON TABLE sgrt.tsgrtattchticket FROM suite;
GRANT ALL ON TABLE sgrt.tsgrtattchticket TO suite WITH GRANT OPTION;


--
-- Name: TABLE tsgrtayudatopico; Type: ACL; Schema: sgrt; Owner: suite
--

REVOKE ALL ON TABLE sgrt.tsgrtayudatopico FROM suite;
GRANT ALL ON TABLE sgrt.tsgrtayudatopico TO suite WITH GRANT OPTION;


--
-- Name: TABLE tsgrtcategoriafaq; Type: ACL; Schema: sgrt; Owner: suite
--

REVOKE ALL ON TABLE sgrt.tsgrtcategoriafaq FROM suite;
GRANT ALL ON TABLE sgrt.tsgrtcategoriafaq TO suite WITH GRANT OPTION;


--
-- Name: TABLE tsgrtchat; Type: ACL; Schema: sgrt; Owner: suite
--

REVOKE ALL ON TABLE sgrt.tsgrtchat FROM suite;
GRANT ALL ON TABLE sgrt.tsgrtchat TO suite WITH GRANT OPTION;


--
-- Name: TABLE tsgrtciudades; Type: ACL; Schema: sgrt; Owner: suite
--

REVOKE ALL ON TABLE sgrt.tsgrtciudades FROM suite;
GRANT ALL ON TABLE sgrt.tsgrtciudades TO suite WITH GRANT OPTION;


--
-- Name: TABLE tsgrtcomentariosagenda; Type: ACL; Schema: sgrt; Owner: suite
--

REVOKE ALL ON TABLE sgrt.tsgrtcomentariosagenda FROM suite;
GRANT ALL ON TABLE sgrt.tsgrtcomentariosagenda TO suite WITH GRANT OPTION;


--
-- Name: TABLE tsgrtcomentariosreunion; Type: ACL; Schema: sgrt; Owner: suite
--

REVOKE ALL ON TABLE sgrt.tsgrtcomentariosreunion FROM suite;
GRANT ALL ON TABLE sgrt.tsgrtcomentariosreunion TO suite WITH GRANT OPTION;


--
-- Name: TABLE tsgrtcompromisos; Type: ACL; Schema: sgrt; Owner: suite
--

REVOKE ALL ON TABLE sgrt.tsgrtcompromisos FROM suite;
GRANT ALL ON TABLE sgrt.tsgrtcompromisos TO suite WITH GRANT OPTION;


--
-- Name: TABLE tsgrtcorreo; Type: ACL; Schema: sgrt; Owner: suite
--

REVOKE ALL ON TABLE sgrt.tsgrtcorreo FROM suite;
GRANT ALL ON TABLE sgrt.tsgrtcorreo TO suite WITH GRANT OPTION;


--
-- Name: TABLE tsgrtdatossolicitud; Type: ACL; Schema: sgrt; Owner: suite
--

REVOKE ALL ON TABLE sgrt.tsgrtdatossolicitud FROM suite;
GRANT ALL ON TABLE sgrt.tsgrtdatossolicitud TO suite WITH GRANT OPTION;


--
-- Name: TABLE tsgrtdepartamento; Type: ACL; Schema: sgrt; Owner: suite
--

REVOKE ALL ON TABLE sgrt.tsgrtdepartamento FROM suite;
GRANT ALL ON TABLE sgrt.tsgrtdepartamento TO suite WITH GRANT OPTION;


--
-- Name: TABLE tsgrtedosolicitudes; Type: ACL; Schema: sgrt; Owner: suite
--

REVOKE ALL ON TABLE sgrt.tsgrtedosolicitudes FROM suite;
GRANT ALL ON TABLE sgrt.tsgrtedosolicitudes TO suite WITH GRANT OPTION;


--
-- Name: TABLE tsgrtelementos; Type: ACL; Schema: sgrt; Owner: suite
--

REVOKE ALL ON TABLE sgrt.tsgrtelementos FROM suite;
GRANT ALL ON TABLE sgrt.tsgrtelementos TO suite WITH GRANT OPTION;


--
-- Name: TABLE tsgrtestados; Type: ACL; Schema: sgrt; Owner: suite
--

REVOKE ALL ON TABLE sgrt.tsgrtestados FROM suite;
GRANT ALL ON TABLE sgrt.tsgrtestados TO suite WITH GRANT OPTION;


--
-- Name: TABLE tsgrtfaq; Type: ACL; Schema: sgrt; Owner: suite
--

REVOKE ALL ON TABLE sgrt.tsgrtfaq FROM suite;
GRANT ALL ON TABLE sgrt.tsgrtfaq TO suite WITH GRANT OPTION;


--
-- Name: TABLE tsgrtgrupo; Type: ACL; Schema: sgrt; Owner: suite
--

REVOKE ALL ON TABLE sgrt.tsgrtgrupo FROM suite;
GRANT ALL ON TABLE sgrt.tsgrtgrupo TO suite WITH GRANT OPTION;


--
-- Name: TABLE tsgrtinvitados; Type: ACL; Schema: sgrt; Owner: suite
--

REVOKE ALL ON TABLE sgrt.tsgrtinvitados FROM suite;
GRANT ALL ON TABLE sgrt.tsgrtinvitados TO suite WITH GRANT OPTION;


--
-- Name: TABLE tsgrtlugares; Type: ACL; Schema: sgrt; Owner: suite
--

REVOKE ALL ON TABLE sgrt.tsgrtlugares FROM suite;
GRANT ALL ON TABLE sgrt.tsgrtlugares TO suite WITH GRANT OPTION;


--
-- Name: TABLE tsgrtmsjticket; Type: ACL; Schema: sgrt; Owner: suite
--

REVOKE ALL ON TABLE sgrt.tsgrtmsjticket FROM suite;
GRANT ALL ON TABLE sgrt.tsgrtmsjticket TO suite WITH GRANT OPTION;


--
-- Name: TABLE tsgrtnota; Type: ACL; Schema: sgrt; Owner: suite
--

REVOKE ALL ON TABLE sgrt.tsgrtnota FROM suite;
GRANT ALL ON TABLE sgrt.tsgrtnota TO suite WITH GRANT OPTION;


--
-- Name: TABLE tsgrtplantillacorreos; Type: ACL; Schema: sgrt; Owner: suite
--

REVOKE ALL ON TABLE sgrt.tsgrtplantillacorreos FROM suite;
GRANT ALL ON TABLE sgrt.tsgrtplantillacorreos TO suite WITH GRANT OPTION;


--
-- Name: TABLE tsgrtprioridad; Type: ACL; Schema: sgrt; Owner: suite
--

REVOKE ALL ON TABLE sgrt.tsgrtprioridad FROM suite;
GRANT ALL ON TABLE sgrt.tsgrtprioridad TO suite WITH GRANT OPTION;


--
-- Name: TABLE tsgrtresppredefinida; Type: ACL; Schema: sgrt; Owner: suite
--

REVOKE ALL ON TABLE sgrt.tsgrtresppredefinida FROM suite;
GRANT ALL ON TABLE sgrt.tsgrtresppredefinida TO suite WITH GRANT OPTION;


--
-- Name: TABLE tsgrtrespuesta; Type: ACL; Schema: sgrt; Owner: suite
--

REVOKE ALL ON TABLE sgrt.tsgrtrespuesta FROM suite;
GRANT ALL ON TABLE sgrt.tsgrtrespuesta TO suite WITH GRANT OPTION;


--
-- Name: TABLE tsgrtreuniones; Type: ACL; Schema: sgrt; Owner: suite
--

REVOKE ALL ON TABLE sgrt.tsgrtreuniones FROM suite;
GRANT ALL ON TABLE sgrt.tsgrtreuniones TO suite WITH GRANT OPTION;


--
-- Name: TABLE tsgrtservicios; Type: ACL; Schema: sgrt; Owner: suite
--

REVOKE ALL ON TABLE sgrt.tsgrtservicios FROM suite;
GRANT ALL ON TABLE sgrt.tsgrtservicios TO suite WITH GRANT OPTION;


--
-- Name: TABLE tsgrtsolicitudservicios; Type: ACL; Schema: sgrt; Owner: suite
--

REVOKE ALL ON TABLE sgrt.tsgrtsolicitudservicios FROM suite;
GRANT ALL ON TABLE sgrt.tsgrtsolicitudservicios TO suite WITH GRANT OPTION;


--
-- Name: TABLE tsgrtticket; Type: ACL; Schema: sgrt; Owner: suite
--

REVOKE ALL ON TABLE sgrt.tsgrtticket FROM suite;
GRANT ALL ON TABLE sgrt.tsgrtticket TO suite WITH GRANT OPTION;


--
-- Name: SEQUENCE seq_aceptaciones; Type: ACL; Schema: sisat; Owner: suite
--

REVOKE ALL ON SEQUENCE sisat.seq_aceptaciones FROM suite;
GRANT UPDATE ON SEQUENCE sisat.seq_aceptaciones TO suite;
GRANT SELECT,USAGE ON SEQUENCE sisat.seq_aceptaciones TO suite WITH GRANT OPTION;


--
-- Name: SEQUENCE seq_asignaciones; Type: ACL; Schema: sisat; Owner: suite
--

REVOKE ALL ON SEQUENCE sisat.seq_asignaciones FROM suite;
GRANT UPDATE ON SEQUENCE sisat.seq_asignaciones TO suite;
GRANT SELECT,USAGE ON SEQUENCE sisat.seq_asignaciones TO suite WITH GRANT OPTION;


--
-- Name: SEQUENCE seq_candidatos; Type: ACL; Schema: sisat; Owner: suite
--

REVOKE ALL ON SEQUENCE sisat.seq_candidatos FROM suite;
GRANT UPDATE ON SEQUENCE sisat.seq_candidatos TO suite;
GRANT SELECT,USAGE ON SEQUENCE sisat.seq_candidatos TO suite WITH GRANT OPTION;


--
-- Name: SEQUENCE seq_cartaasignaciones; Type: ACL; Schema: sisat; Owner: suite
--

REVOKE ALL ON SEQUENCE sisat.seq_cartaasignaciones FROM suite;
GRANT UPDATE ON SEQUENCE sisat.seq_cartaasignaciones TO suite;
GRANT SELECT,USAGE ON SEQUENCE sisat.seq_cartaasignaciones TO suite WITH GRANT OPTION;


--
-- Name: SEQUENCE seq_cotizaciones; Type: ACL; Schema: sisat; Owner: suite
--

REVOKE ALL ON SEQUENCE sisat.seq_cotizaciones FROM suite;
GRANT UPDATE ON SEQUENCE sisat.seq_cotizaciones TO suite;
GRANT SELECT,USAGE ON SEQUENCE sisat.seq_cotizaciones TO suite WITH GRANT OPTION;


--
-- Name: SEQUENCE seq_cursos; Type: ACL; Schema: sisat; Owner: suite
--

REVOKE ALL ON SEQUENCE sisat.seq_cursos FROM suite;
GRANT UPDATE ON SEQUENCE sisat.seq_cursos TO suite;
GRANT SELECT,USAGE ON SEQUENCE sisat.seq_cursos TO suite WITH GRANT OPTION;


--
-- Name: SEQUENCE seq_entrevistas; Type: ACL; Schema: sisat; Owner: suite
--

REVOKE ALL ON SEQUENCE sisat.seq_entrevistas FROM suite;
GRANT UPDATE ON SEQUENCE sisat.seq_entrevistas TO suite;
GRANT SELECT,USAGE ON SEQUENCE sisat.seq_entrevistas TO suite WITH GRANT OPTION;


--
-- Name: SEQUENCE seq_envios; Type: ACL; Schema: sisat; Owner: suite
--

REVOKE ALL ON SEQUENCE sisat.seq_envios FROM suite;
GRANT UPDATE ON SEQUENCE sisat.seq_envios TO suite;
GRANT SELECT,USAGE ON SEQUENCE sisat.seq_envios TO suite WITH GRANT OPTION;


--
-- Name: SEQUENCE seq_escolaridad; Type: ACL; Schema: sisat; Owner: suite
--

REVOKE ALL ON SEQUENCE sisat.seq_escolaridad FROM suite;
GRANT UPDATE ON SEQUENCE sisat.seq_escolaridad TO suite;
GRANT SELECT,USAGE ON SEQUENCE sisat.seq_escolaridad TO suite WITH GRANT OPTION;


--
-- Name: SEQUENCE seq_experiencias; Type: ACL; Schema: sisat; Owner: suite
--

REVOKE ALL ON SEQUENCE sisat.seq_experiencias FROM suite;
GRANT UPDATE ON SEQUENCE sisat.seq_experiencias TO suite;
GRANT SELECT,USAGE ON SEQUENCE sisat.seq_experiencias TO suite WITH GRANT OPTION;


--
-- Name: SEQUENCE seq_firmas; Type: ACL; Schema: sisat; Owner: suite
--

REVOKE ALL ON SEQUENCE sisat.seq_firmas FROM suite;
GRANT UPDATE ON SEQUENCE sisat.seq_firmas TO suite;
GRANT SELECT,USAGE ON SEQUENCE sisat.seq_firmas TO suite WITH GRANT OPTION;


--
-- Name: SEQUENCE seq_habilidades; Type: ACL; Schema: sisat; Owner: suite
--

REVOKE ALL ON SEQUENCE sisat.seq_habilidades FROM suite;
GRANT UPDATE ON SEQUENCE sisat.seq_habilidades TO suite;
GRANT SELECT,USAGE ON SEQUENCE sisat.seq_habilidades TO suite WITH GRANT OPTION;


--
-- Name: SEQUENCE seq_idiomas; Type: ACL; Schema: sisat; Owner: suite
--

REVOKE ALL ON SEQUENCE sisat.seq_idiomas FROM suite;
GRANT UPDATE ON SEQUENCE sisat.seq_idiomas TO suite;
GRANT SELECT,USAGE ON SEQUENCE sisat.seq_idiomas TO suite WITH GRANT OPTION;


--
-- Name: SEQUENCE seq_ordenservicios; Type: ACL; Schema: sisat; Owner: suite
--

REVOKE ALL ON SEQUENCE sisat.seq_ordenservicios FROM suite;
GRANT UPDATE ON SEQUENCE sisat.seq_ordenservicios TO suite;
GRANT SELECT,USAGE ON SEQUENCE sisat.seq_ordenservicios TO suite WITH GRANT OPTION;


--
-- Name: SEQUENCE seq_prospectos; Type: ACL; Schema: sisat; Owner: suite
--

REVOKE ALL ON SEQUENCE sisat.seq_prospectos FROM suite;
GRANT UPDATE ON SEQUENCE sisat.seq_prospectos TO suite;
GRANT SELECT,USAGE ON SEQUENCE sisat.seq_prospectos TO suite WITH GRANT OPTION;


--
-- Name: SEQUENCE seq_proyectos; Type: ACL; Schema: sisat; Owner: suite
--

REVOKE ALL ON SEQUENCE sisat.seq_proyectos FROM suite;
GRANT UPDATE ON SEQUENCE sisat.seq_proyectos TO suite;
GRANT SELECT,USAGE ON SEQUENCE sisat.seq_proyectos TO suite WITH GRANT OPTION;


--
-- Name: SEQUENCE seq_vacantes; Type: ACL; Schema: sisat; Owner: suite
--

REVOKE ALL ON SEQUENCE sisat.seq_vacantes FROM suite;
GRANT UPDATE ON SEQUENCE sisat.seq_vacantes TO suite;
GRANT SELECT,USAGE ON SEQUENCE sisat.seq_vacantes TO suite WITH GRANT OPTION;


--
-- Name: TABLE tsisatasignaciones; Type: ACL; Schema: sisat; Owner: suite
--

REVOKE ALL ON TABLE sisat.tsisatasignaciones FROM suite;
GRANT ALL ON TABLE sisat.tsisatasignaciones TO suite WITH GRANT OPTION;


--
-- Name: TABLE tsisatcandidatos; Type: ACL; Schema: sisat; Owner: suite
--

REVOKE ALL ON TABLE sisat.tsisatcandidatos FROM suite;
GRANT ALL ON TABLE sisat.tsisatcandidatos TO suite WITH GRANT OPTION;


--
-- Name: TABLE tsisatcartaaceptacion; Type: ACL; Schema: sisat; Owner: suite
--

REVOKE ALL ON TABLE sisat.tsisatcartaaceptacion FROM suite;
GRANT ALL ON TABLE sisat.tsisatcartaaceptacion TO suite WITH GRANT OPTION;


--
-- Name: TABLE tsisatcartaasignacion; Type: ACL; Schema: sisat; Owner: suite
--

REVOKE ALL ON TABLE sisat.tsisatcartaasignacion FROM suite;
GRANT ALL ON TABLE sisat.tsisatcartaasignacion TO suite WITH GRANT OPTION;


--
-- Name: TABLE tsisatcotizaciones; Type: ACL; Schema: sisat; Owner: suite
--

REVOKE ALL ON TABLE sisat.tsisatcotizaciones FROM suite;
GRANT ALL ON TABLE sisat.tsisatcotizaciones TO suite WITH GRANT OPTION;


--
-- Name: TABLE tsisatcursosycerticados; Type: ACL; Schema: sisat; Owner: suite
--

REVOKE ALL ON TABLE sisat.tsisatcursosycerticados FROM suite;
GRANT ALL ON TABLE sisat.tsisatcursosycerticados TO suite WITH GRANT OPTION;


--
-- Name: TABLE tsisatentrevistas; Type: ACL; Schema: sisat; Owner: suite
--

REVOKE ALL ON TABLE sisat.tsisatentrevistas FROM suite;
GRANT ALL ON TABLE sisat.tsisatentrevistas TO suite WITH GRANT OPTION;


--
-- Name: TABLE tsisatenviocorreos; Type: ACL; Schema: sisat; Owner: suite
--

REVOKE ALL ON TABLE sisat.tsisatenviocorreos FROM suite;
GRANT ALL ON TABLE sisat.tsisatenviocorreos TO suite WITH GRANT OPTION;


--
-- Name: TABLE tsisatescolaridad; Type: ACL; Schema: sisat; Owner: suite
--

REVOKE ALL ON TABLE sisat.tsisatescolaridad FROM suite;
GRANT ALL ON TABLE sisat.tsisatescolaridad TO suite WITH GRANT OPTION;


--
-- Name: TABLE tsisatexperienciaslaborales; Type: ACL; Schema: sisat; Owner: suite
--

REVOKE ALL ON TABLE sisat.tsisatexperienciaslaborales FROM suite;
GRANT ALL ON TABLE sisat.tsisatexperienciaslaborales TO suite WITH GRANT OPTION;


--
-- Name: TABLE tsisatfirmas; Type: ACL; Schema: sisat; Owner: suite
--

REVOKE ALL ON TABLE sisat.tsisatfirmas FROM suite;
GRANT ALL ON TABLE sisat.tsisatfirmas TO suite WITH GRANT OPTION;


--
-- Name: TABLE tsisathabilidades; Type: ACL; Schema: sisat; Owner: suite
--

REVOKE ALL ON TABLE sisat.tsisathabilidades FROM suite;
GRANT ALL ON TABLE sisat.tsisathabilidades TO suite WITH GRANT OPTION;


--
-- Name: TABLE tsisatidiomas; Type: ACL; Schema: sisat; Owner: suite
--

REVOKE ALL ON TABLE sisat.tsisatidiomas FROM suite;
GRANT ALL ON TABLE sisat.tsisatidiomas TO suite WITH GRANT OPTION;


--
-- Name: TABLE tsisatordenservicio; Type: ACL; Schema: sisat; Owner: suite
--

REVOKE ALL ON TABLE sisat.tsisatordenservicio FROM suite;
GRANT ALL ON TABLE sisat.tsisatordenservicio TO suite WITH GRANT OPTION;


--
-- Name: TABLE tsisatprospectos; Type: ACL; Schema: sisat; Owner: suite
--

REVOKE ALL ON TABLE sisat.tsisatprospectos FROM suite;
GRANT ALL ON TABLE sisat.tsisatprospectos TO suite WITH GRANT OPTION;


--
-- Name: TABLE tsisatproyectos; Type: ACL; Schema: sisat; Owner: suite
--

REVOKE ALL ON TABLE sisat.tsisatproyectos FROM suite;
GRANT ALL ON TABLE sisat.tsisatproyectos TO suite WITH GRANT OPTION;


--
-- Name: TABLE tsisatvacantes; Type: ACL; Schema: sisat; Owner: suite
--

REVOKE ALL ON TABLE sisat.tsisatvacantes FROM suite;
GRANT ALL ON TABLE sisat.tsisatvacantes TO suite WITH GRANT OPTION;


--
-- Name: DEFAULT PRIVILEGES FOR SEQUENCES; Type: DEFAULT ACL; Schema: sgco; Owner: suite
--

ALTER DEFAULT PRIVILEGES FOR ROLE suite IN SCHEMA sgco REVOKE ALL ON SEQUENCES  FROM suite;
ALTER DEFAULT PRIVILEGES FOR ROLE suite IN SCHEMA sgco GRANT SELECT,USAGE ON SEQUENCES  TO suite WITH GRANT OPTION;


--
-- Name: DEFAULT PRIVILEGES FOR TYPES; Type: DEFAULT ACL; Schema: sgco; Owner: suite
--

ALTER DEFAULT PRIVILEGES FOR ROLE suite IN SCHEMA sgco REVOKE ALL ON TYPES  FROM PUBLIC;
ALTER DEFAULT PRIVILEGES FOR ROLE suite IN SCHEMA sgco REVOKE ALL ON TYPES  FROM suite;
ALTER DEFAULT PRIVILEGES FOR ROLE suite IN SCHEMA sgco GRANT ALL ON TYPES  TO suite WITH GRANT OPTION;


--
-- Name: DEFAULT PRIVILEGES FOR FUNCTIONS; Type: DEFAULT ACL; Schema: sgco; Owner: suite
--

ALTER DEFAULT PRIVILEGES FOR ROLE suite IN SCHEMA sgco REVOKE ALL ON FUNCTIONS  FROM PUBLIC;
ALTER DEFAULT PRIVILEGES FOR ROLE suite IN SCHEMA sgco REVOKE ALL ON FUNCTIONS  FROM suite;
ALTER DEFAULT PRIVILEGES FOR ROLE suite IN SCHEMA sgco GRANT ALL ON FUNCTIONS  TO suite WITH GRANT OPTION;


--
-- Name: DEFAULT PRIVILEGES FOR TABLES; Type: DEFAULT ACL; Schema: sgco; Owner: suite
--

ALTER DEFAULT PRIVILEGES FOR ROLE suite IN SCHEMA sgco REVOKE ALL ON TABLES  FROM suite;
ALTER DEFAULT PRIVILEGES FOR ROLE suite IN SCHEMA sgco GRANT ALL ON TABLES  TO suite WITH GRANT OPTION;


--
-- Name: DEFAULT PRIVILEGES FOR SEQUENCES; Type: DEFAULT ACL; Schema: sgrh; Owner: postgres
--

ALTER DEFAULT PRIVILEGES FOR ROLE postgres IN SCHEMA sgrh REVOKE ALL ON SEQUENCES  FROM postgres;
ALTER DEFAULT PRIVILEGES FOR ROLE postgres IN SCHEMA sgrh GRANT SELECT,USAGE ON SEQUENCES  TO suite WITH GRANT OPTION;


--
-- Name: DEFAULT PRIVILEGES FOR TYPES; Type: DEFAULT ACL; Schema: sgrh; Owner: postgres
--

ALTER DEFAULT PRIVILEGES FOR ROLE postgres IN SCHEMA sgrh REVOKE ALL ON TYPES  FROM PUBLIC;
ALTER DEFAULT PRIVILEGES FOR ROLE postgres IN SCHEMA sgrh REVOKE ALL ON TYPES  FROM postgres;
ALTER DEFAULT PRIVILEGES FOR ROLE postgres IN SCHEMA sgrh GRANT ALL ON TYPES  TO suite WITH GRANT OPTION;


--
-- Name: DEFAULT PRIVILEGES FOR FUNCTIONS; Type: DEFAULT ACL; Schema: sgrh; Owner: postgres
--

ALTER DEFAULT PRIVILEGES FOR ROLE postgres IN SCHEMA sgrh REVOKE ALL ON FUNCTIONS  FROM PUBLIC;
ALTER DEFAULT PRIVILEGES FOR ROLE postgres IN SCHEMA sgrh REVOKE ALL ON FUNCTIONS  FROM postgres;
ALTER DEFAULT PRIVILEGES FOR ROLE postgres IN SCHEMA sgrh GRANT ALL ON FUNCTIONS  TO suite WITH GRANT OPTION;


--
-- Name: DEFAULT PRIVILEGES FOR TABLES; Type: DEFAULT ACL; Schema: sgrh; Owner: postgres
--

ALTER DEFAULT PRIVILEGES FOR ROLE postgres IN SCHEMA sgrh REVOKE ALL ON TABLES  FROM postgres;
ALTER DEFAULT PRIVILEGES FOR ROLE postgres IN SCHEMA sgrh GRANT ALL ON TABLES  TO suite WITH GRANT OPTION;


--
-- Name: DEFAULT PRIVILEGES FOR SEQUENCES; Type: DEFAULT ACL; Schema: sgrt; Owner: suite
--

ALTER DEFAULT PRIVILEGES FOR ROLE suite IN SCHEMA sgrt REVOKE ALL ON SEQUENCES  FROM suite;
ALTER DEFAULT PRIVILEGES FOR ROLE suite IN SCHEMA sgrt GRANT SELECT,USAGE ON SEQUENCES  TO suite WITH GRANT OPTION;


--
-- Name: DEFAULT PRIVILEGES FOR TYPES; Type: DEFAULT ACL; Schema: sgrt; Owner: suite
--

ALTER DEFAULT PRIVILEGES FOR ROLE suite IN SCHEMA sgrt REVOKE ALL ON TYPES  FROM PUBLIC;
ALTER DEFAULT PRIVILEGES FOR ROLE suite IN SCHEMA sgrt REVOKE ALL ON TYPES  FROM suite;
ALTER DEFAULT PRIVILEGES FOR ROLE suite IN SCHEMA sgrt GRANT ALL ON TYPES  TO suite WITH GRANT OPTION;


--
-- Name: DEFAULT PRIVILEGES FOR FUNCTIONS; Type: DEFAULT ACL; Schema: sgrt; Owner: suite
--

ALTER DEFAULT PRIVILEGES FOR ROLE suite IN SCHEMA sgrt REVOKE ALL ON FUNCTIONS  FROM PUBLIC;
ALTER DEFAULT PRIVILEGES FOR ROLE suite IN SCHEMA sgrt REVOKE ALL ON FUNCTIONS  FROM suite;
ALTER DEFAULT PRIVILEGES FOR ROLE suite IN SCHEMA sgrt GRANT ALL ON FUNCTIONS  TO suite WITH GRANT OPTION;


--
-- Name: DEFAULT PRIVILEGES FOR TABLES; Type: DEFAULT ACL; Schema: sgrt; Owner: suite
--

ALTER DEFAULT PRIVILEGES FOR ROLE suite IN SCHEMA sgrt REVOKE ALL ON TABLES  FROM suite;
ALTER DEFAULT PRIVILEGES FOR ROLE suite IN SCHEMA sgrt GRANT ALL ON TABLES  TO suite WITH GRANT OPTION;


--
-- Name: DEFAULT PRIVILEGES FOR SEQUENCES; Type: DEFAULT ACL; Schema: sisat; Owner: suite
--

ALTER DEFAULT PRIVILEGES FOR ROLE suite IN SCHEMA sisat REVOKE ALL ON SEQUENCES  FROM suite;
ALTER DEFAULT PRIVILEGES FOR ROLE suite IN SCHEMA sisat GRANT SELECT,USAGE ON SEQUENCES  TO suite WITH GRANT OPTION;


--
-- Name: DEFAULT PRIVILEGES FOR TYPES; Type: DEFAULT ACL; Schema: sisat; Owner: suite
--

ALTER DEFAULT PRIVILEGES FOR ROLE suite IN SCHEMA sisat REVOKE ALL ON TYPES  FROM PUBLIC;
ALTER DEFAULT PRIVILEGES FOR ROLE suite IN SCHEMA sisat REVOKE ALL ON TYPES  FROM suite;
ALTER DEFAULT PRIVILEGES FOR ROLE suite IN SCHEMA sisat GRANT ALL ON TYPES  TO suite WITH GRANT OPTION;


--
-- Name: DEFAULT PRIVILEGES FOR FUNCTIONS; Type: DEFAULT ACL; Schema: sisat; Owner: suite
--

ALTER DEFAULT PRIVILEGES FOR ROLE suite IN SCHEMA sisat REVOKE ALL ON FUNCTIONS  FROM PUBLIC;
ALTER DEFAULT PRIVILEGES FOR ROLE suite IN SCHEMA sisat REVOKE ALL ON FUNCTIONS  FROM suite;
ALTER DEFAULT PRIVILEGES FOR ROLE suite IN SCHEMA sisat GRANT ALL ON FUNCTIONS  TO suite WITH GRANT OPTION;


--
-- Name: DEFAULT PRIVILEGES FOR TABLES; Type: DEFAULT ACL; Schema: sisat; Owner: suite
--

ALTER DEFAULT PRIVILEGES FOR ROLE suite IN SCHEMA sisat REVOKE ALL ON TABLES  FROM suite;
ALTER DEFAULT PRIVILEGES FOR ROLE suite IN SCHEMA sisat GRANT ALL ON TABLES  TO suite WITH GRANT OPTION;


--
-- PostgreSQL database dump complete
--

